n_const,first_name,last_name,birth_year,death_year
nm0000001,Fred,Astaire,1899,1987
nm0000002,Lauren,Bacall,1924,2014
nm0000003,Brigitte,Bardot,1934,NULL
nm0000004,John,Belushi,1949,1982
nm0000005,Ingmar,Bergman,1918,2007
nm0000006,Ingrid,Bergman,1915,1982
nm0000007,Humphrey,Bogart,1899,1957
nm0000008,Marlon,Brando,1924,2004
nm0000009,Richard,Burton,1925,1984
nm0000010,James,Cagney,1899,1986
nm0000011,Gary,Cooper,1901,1961
nm0000012,Bette,Davis,1908,1989
nm0000013,Doris,Day,1922,NULL
nm0000014,Olivia,deHavilland,1916,NULL
nm0000015,James,Dean,1931,1955
nm0000016,Georges,Delerue,1925,1992
nm0000017,Marlene,Dietrich,1901,1992
nm0000018,Kirk,Douglas,1916,NULL
nm0000019,Federico,Fellini,1920,1993
nm0000020,Henry,Fonda,1905,1982
nm0000021,Joan,Fontaine,1917,2013
nm0000022,Clark,Gable,1901,1960
nm0000023,Judy,Garland,1922,1969
nm0000024,John,Gielgud,1904,2000
nm0000025,Jerry,Goldsmith,1929,2004
nm0000026,Cary,Grant,1904,1986
nm0000027,Alec,Guinness,1914,2000
nm0000028,Rita,Hayworth,1918,1987
nm0000029,Margaux,Hemingway,1954,1996
nm0000030,Audrey,Hepburn,1929,1993
nm0000031,Katharine,Hepburn,1907,2003
nm0000032,Charlton,Heston,1923,2008
nm0000033,Alfred,Hitchcock,1899,1980
nm0000034,William,Holden,1918,1981
nm0000035,James,Horner,1953,2015
nm0000036,Buster,Keaton,1895,1966
nm0000037,Gene,Kelly,1912,1996
nm0000038,Grace,Kelly,1929,1982
nm0000039,Deborah,Kerr,1921,2007
nm0000040,Stanley,Kubrick,1928,1999
nm0000041,Akira,Kurosawa,1910,1998
nm0000042,Alan,Ladd,1913,1964
nm0000043,Veronica,Lake,1922,1973
nm0000044,Burt,Lancaster,1913,1994
nm0000045,Bruce,Lee,1940,1973
nm0000046,Vivien,Leigh,1913,1967
nm0000047,Sophia,Loren,1934,NULL
nm0000048,Peter,Lorre,1904,1964
nm0000049,Henry,Mancini,1924,1994
nm0000050,Groucho,Marx,1890,1977
nm0000051,James,Mason,1909,1984
nm0000052,Marcello,Mastroianni,1924,1996
nm0000053,Robert,Mitchum,1917,1997
nm0000054,Marilyn,Monroe,1926,1962
nm0000055,Alfred,Newman,1901,1970
nm0000056,Paul,Newman,1925,2008
nm0000057,David,Niven,1910,1983
nm0000058,Maureen,O'Hara,1920,2015
nm0000059,Laurence,Olivier,1907,1989
nm0000060,Gregory,Peck,1916,2003
nm0000061,Tyrone,Power,1914,1958
nm0000062,Elvis,Presley,1935,1977
nm0000063,Anthony,Quinn,1915,2001
nm0000064,Edward,G.Robinson,1893,1973
nm0000065,Nino,Rota,1911,1979
nm0000066,Jane,Russell,1921,2011
nm0000067,Miklós,Rózsa,1907,1995
nm0000068,Randolph,Scott,1898,1987
nm0000069,Frank,Sinatra,1915,1998
nm0000070,Max,Steiner,1888,1971
nm0000071,James,Stewart,1908,1997
nm0000072,Elizabeth,Taylor,1932,2011
nm0000073,Shirley,Temple,1928,2014
nm0000074,Gene,Tierney,1920,1991
nm0000075,Spencer,Tracy,1900,1967
nm0000076,François,Truffaut,1932,1984
nm0000077,Franz,Waxman,1906,1967
nm0000078,John,Wayne,1907,1979
nm0000079,Raquel,Welch,1940,NULL
nm0000080,Orson,Welles,1915,1985
nm0000081,Natalie,Wood,1938,1981
nm0000082,Victor,Young,1900,1956
nm0000083,Gustavo,Goulart,1989,NULL
nm0000084,Li,Gong,1965,NULL
nm0000085,Henner,Hofmann,\N,NULL
nm0000086,Louis,deFunès,1914,1983
nm0000087,Elena,Koreneva,1953,NULL
nm0000088,Aleksey,Korenev,1927,1995
nm0000089,Richard,Paul,1940,1998
nm0000090,Armin,Mueller-Stahl,1930,NULL
nm0000091,Gérard,Pirès,1942,NULL
nm0000092,John,Cleese,1939,NULL
nm0000093,Brad,Pitt,1963,NULL
nm0000094,J.Reifel,,\N,NULL
nm0000095,Woody,Allen,1935,NULL
nm0000096,Gillian,Anderson,1968,NULL
nm0000097,Pamela,Anderson,1967,NULL
nm0000098,Jennifer,Aniston,1969,NULL
nm0000099,Patricia,Arquette,1968,NULL
nm0000100,Rowan,Atkinson,1955,NULL
nm0000101,Dan,Aykroyd,1952,NULL
nm0000102,Kevin,Bacon,1958,NULL
nm0000103,Fairuza,Balk,1974,NULL
nm0000104,Antonio,Banderas,1960,NULL
nm0000105,Adrienne,Barbeau,1945,NULL
nm0000106,Drew,Barrymore,1975,NULL
nm0000107,Kim,Basinger,1953,NULL
nm0000108,Luc,Besson,1959,NULL
nm0000109,Yasmine,Bleeth,1968,NULL
nm0000110,Kenneth,Branagh,1960,NULL
nm0000111,Matthew,Broderick,1962,NULL
nm0000112,Pierce,Brosnan,1953,NULL
nm0000113,Sandra,Bullock,1964,NULL
nm0000114,Steve,Buscemi,1957,NULL
nm0000115,Nicolas,Cage,1964,NULL
nm0000116,James,Cameron,1954,NULL
nm0000117,Neve,Campbell,1973,NULL
nm0000118,John,Carpenter,1948,NULL
nm0000119,Tia,Carrere,1967,NULL
nm0000120,Jim,Carrey,1962,NULL
nm0000121,Phoebe,Cates,1963,NULL
nm0000122,Charles,Chaplin,1889,1977
nm0000123,George,Clooney,1961,NULL
nm0000124,Jennifer,Connelly,1970,NULL
nm0000125,Sean,Connery,1930,NULL
nm0000126,Kevin,Costner,1955,NULL
nm0000127,Wes,Craven,1939,2015
nm0000128,Russell,Crowe,1964,NULL
nm0000129,Tom,Cruise,1962,NULL
nm0000130,Jamie,Lee,1958,NULL
nm0000131,John,Cusack,1966,NULL
nm0000132,Claire,Danes,1979,NULL
nm0000133,Geena,Davis,1956,NULL
nm0000134,Robert,deNiro,1943,NULL
nm0000135,John,Denver,1943,1997
nm0000136,Johnny,Depp,1963,NULL
nm0000137,Bo,Derek,1956,NULL
nm0000138,Leonardo,DiCaprio,1974,NULL
nm0000139,Cameron,Diaz,1972,NULL
nm0000140,Michael,Douglas,1944,NULL
nm0000141,David,Duchovny,1960,NULL
nm0000142,Clint,Eastwood,1930,NULL
nm0000143,Erika,Eleniak,1969,NULL
nm0000144,Cary,Elwes,1962,NULL
nm0000145,Sherilyn,Fenn,1965,NULL
nm0000146,Ralph,Fiennes,1962,NULL
nm0000147,Colin,Firth,1960,NULL
nm0000148,Harrison,Ford,1942,NULL
nm0000149,Jodie,Foster,1962,NULL
nm0000150,Michael,J.Fox,1961,NULL
nm0000151,Morgan,Freeman,1937,NULL
nm0000152,Richard,Gere,1949,NULL
nm0000153,Gina,Gershon,1962,NULL
nm0000154,Mel,Gibson,1956,NULL
nm0000155,Whoopi,Goldberg,1955,NULL
nm0000156,Jeff,Goldblum,1952,NULL
nm0000157,Linda,Hamilton,1956,NULL
nm0000158,Tom,Hanks,1956,NULL
nm0000159,Teri,Hatcher,1964,NULL
nm0000160,Ethan,Hawke,1970,NULL
nm0000161,Salma,Hayek,1966,NULL
nm0000162,Anne,Heche,1969,NULL
nm0000163,Dustin,Hoffman,1937,NULL
nm0000164,Anthony,Hopkins,1937,NULL
nm0000165,Ron,Howard,1954,NULL
nm0000166,Helen,Hunt,1963,NULL
nm0000167,Elizabeth,Hurley,1965,NULL
nm0000168,Samuel,L.Jackson,1948,NULL
nm0000169,Tommy,Lee,1946,NULL
nm0000170,Milla,Jovovich,1975,NULL
nm0000171,Ashley,Judd,1968,NULL
nm0000172,Harvey,Keitel,1939,NULL
nm0000173,Nicole,Kidman,1967,NULL
nm0000174,Val,Kilmer,1959,NULL
nm0000175,Stephen,King,1947,NULL
nm0000176,Nastassja,Kinski,1961,NULL
nm0000177,Kevin,Kline,1947,NULL
nm0000178,Diane,Lane,1965,NULL
nm0000179,JudeLaw,,1972,NULL
nm0000180,David,Lean,1908,1991
nm0000181,Heather,Locklear,1961,NULL
nm0000183,Traci,Lords,1968,NULL
nm0000184,George,Lucas,1944,NULL
nm0000185,Dolph,Lundgren,1957,NULL
nm0000186,David,Lynch,1946,NULL
nm0000187,Madonna,,1958,NULL
nm0000188,Steve,Martin,1945,NULL
nm0000189,Jenny,McCarthy,1972,NULL
nm0000190,Matthew,McConaughey,1969,NULL
nm0000191,Ewan,McGregor,1971,NULL
nm0000192,Alyssa,Milano,1972,NULL
nm0000193,Demi,Moore,1962,NULL
nm0000194,Julianne,Moore,1960,NULL
nm0000195,Bill,Murray,1950,NULL
nm0000196,Mike,Myers,1963,NULL
nm0000197,Jack,Nicholson,1937,NULL
nm0000198,Gary,Oldman,1958,NULL
nm0000199,Al,Pacino,1940,NULL
nm0000200,Bill,Paxton,1955,2017
nm0000201,Michelle,Pfeiffer,1958,NULL
nm0000202,Ryan,Phillippe,1974,NULL
nm0000203,River,Phoenix,1970,1993
nm0000204,Natalie,Portman,1981,NULL
nm0000205,Parker,Posey,1968,NULL
nm0000206,Keanu,Reeves,1964,NULL
nm0000207,Christina,Ricci,1980,NULL
nm0000208,Molly,Ringwald,1968,NULL
nm0000209,Tim,Robbins,1958,NULL
nm0000210,Julia,Roberts,1967,NULL
nm0000211,Mimi,Rogers,1956,NULL
nm0000212,Meg,Ryan,1961,NULL
nm0000213,Winona,Ryder,1971,NULL
nm0000214,Mia,Sara,1967,NULL
nm0000215,Susan,Sarandon,1946,NULL
nm0000216,Arnold,Schwarzenegger,1947,NULL
nm0000217,Martin,Scorsese,1942,NULL
nm0000218,Kristin,Scott,1960,NULL
nm0000219,Steven,Seagal,1952,NULL
nm0000220,Joan,Severance,1958,NULL
nm0000221,Charlie,Sheen,1965,NULL
nm0000222,Brooke,Shields,1965,NULL
nm0000223,Elisabeth,Shue,1963,NULL
nm0000224,Alicia,Silverstone,1976,NULL
nm0000225,Christian,Slater,1969,NULL
nm0000226,Will,Smith,1968,NULL
nm0000227,Mira,Sorvino,1967,NULL
nm0000228,Kevin,Spacey,1959,NULL
nm0000229,Steven,Spielberg,1946,NULL
nm0000230,Sylvester,Stallone,1946,NULL
nm0000231,Oliver,Stone,1946,NULL
nm0000232,Sharon,Stone,1958,NULL
nm0000233,Quentin,Tarantino,1963,NULL
nm0000234,Charlize,Theron,1975,NULL
nm0000235,Uma,Thurman,1970,NULL
nm0000236,Jennifer,Tilly,1958,NULL
nm0000237,John,Travolta,1954,NULL
nm0000238,Shannon,Tweed,1957,NULL
nm0000239,Liv,Tyler,1977,NULL
nm0000240,Skeet,Ulrich,1970,NULL
nm0000241,Jean-ClaudeVan,Damme,1960,NULL
nm0000242,Mark,Wahlberg,1971,NULL
nm0000243,Denzel,Washington,1954,NULL
nm0000244,Sigourney,Weaver,1949,NULL
nm0000245,Robin,Williams,1951,2014
nm0000246,Bruce,Willis,1955,NULL
nm0000247,John,Woo,1946,NULL
nm0000248,Edward,D.Wood,1924,1978
nm0000249,James,Woods,1947,NULL
nm0000250,Renée,Zellweger,1969,NULL
nm0000251,Timothy,Dowling,1973,NULL
nm0000252,Robert,Ellis,1892,1974
nm0000253,Robert,Ellis,1888,1935
nm0000254,Isabelle,Adjani,1955,NULL
nm0000255,Ben,Affleck,1972,NULL
nm0000256,Jenny,Agutter,1952,NULL
nm0000257,Alan,Alda,1936,NULL
nm0000258,Stephanie,Zimbalist,1956,NULL
nm0000259,Ginger,Lynn,1962,NULL
nm0000260,Joan,Allen,1956,NULL
nm0000261,Karen,Allen,1951,NULL
nm0000262,Nancy,Allen,1950,NULL
nm0000263,Kirstie,Alley,1951,NULL
nm0000264,Pedro,Almodóvar,1949,NULL
nm0000265,Robert,Altman,1925,2006
nm0000266,Ursula,Andress,1936,NULL
nm0000267,Julie,Andrews,1935,NULL
nm0000268,Ann-Margret,,1941,NULL
nm0000269,Jean-Jacques,Annaud,1943,NULL
nm0000270,Gabrielle,Anwar,1970,NULL
nm0000271,Anne,Archer,1947,NULL
nm0000272,Fanny,Ardant,1949,NULL
nm0000273,Alan,Arkin,1934,NULL
nm0000274,David,Arquette,1971,NULL
nm0000275,Rosanna,Arquette,1959,NULL
nm0000276,Sean,Astin,1971,NULL
nm0000277,Richard,Attenborough,1923,2014
nm0000278,Pernilla,August,1958,NULL
nm0000279,Hank,Azaria,1964,NULL
nm0000280,Catherine,Bach,1954,NULL
nm0000281,Scott,Baio,1960,NULL
nm0000282,Scott,Bairstow,1970,NULL
nm0000283,Brenda,Bakke,1963,NULL
nm0000284,Adam,Baldwin,1962,NULL
nm0000285,Alec,Baldwin,1958,NULL
nm0000286,Stephen,Baldwin,1966,NULL
nm0000287,William,Baldwin,1963,NULL
nm0000288,Christian,Bale,1974,NULL
nm0000289,Ellen,Barkin,1954,NULL
nm0000290,John,Barry,1933,2011
nm0000291,Angela,Bassett,1958,NULL
nm0000292,Michelle,Bauer,1958,NULL
nm0000293,Sean,Bean,1959,NULL
nm0000294,Amanda,Bearse,1958,NULL
nm0000295,Kate,Beckinsale,1973,NULL
nm0000296,Robert,Beltran,1953,NULL
nm0000297,Tom,Berenger,1949,NULL
nm0000298,Candice,Bergen,1946,NULL
nm0000299,Michael,Biehn,1956,NULL
nm0000300,Juliette,Binoche,1964,NULL
nm0000301,Thora,Birch,1982,NULL
nm0000302,Jacqueline,Bisset,1944,NULL
nm0000303,Honor,Blackman,1925,NULL
nm0000304,Linda,Blair,1959,NULL
nm0000305,Mel,Blanc,1908,1989
nm0000306,Brian,Blessed,1936,NULL
nm0000307,Helena,Bonham,1966,NULL
nm0000308,Ernest,Borgnine,1917,2012
nm0000309,David,Bowie,1947,2016
nm0000310,Bruce,Boxleitner,1950,NULL
nm0000311,Annie,Rosar,1888,1963
nm0000312,Amy,Brenneman,1964,NULL
nm0000313,Jeff,Bridges,1949,NULL
nm0000314,Charles,Bronson,1921,2003
nm0000315,Louise,Brooks,1906,1985
nm0000316,Mel,Brooks,1926,NULL
nm0000317,Clancy,Brown,1959,NULL
nm0000318,Tim,Burton,1958,NULL
nm0000319,Yancy,Butler,1970,NULL
nm0000320,Luis,Buí±uel,1900,1983
nm0000321,Gabriel,Byrne,1950,NULL
nm0000322,Emmanuelle,Béart,1963,NULL
nm0000323,Michael,Caine,1933,NULL
nm0000324,Barbara,Carrera,1945,NULL
nm0000325,David,Caruso,1956,NULL
nm0000326,Kim,Cattrall,1956,NULL
nm0000327,Lacey,Chabert,1982,NULL
nm0000328,Richard,Chamberlain,1934,NULL
nm0000329,Jackie,Chan,1954,NULL
nm0000330,Stockard,Channing,1944,NULL
nm0000331,Chevy,Chase,1943,NULL
nm0000332,Don,Cheadle,1964,NULL
nm0000333,Cher,,1946,NULL
nm0000334,Yun-Fat,Chow,1955,NULL
nm0000335,Glenn,Close,1947,NULL
nm0000336,James,Coburn,1928,2002
nm0000337,Rachael,Leigh,1979,NULL
nm0000338,Francis,Ford,1939,NULL
nm0000339,Roger,Corman,1926,NULL
nm0000340,Cindy,Crawford,1966,NULL
nm0000341,Michael,Crichton,1942,2008
nm0000342,James,Cromwell,1940,NULL
nm0000343,David,Cronenberg,1943,NULL
nm0000344,Denise,Crosby,1957,NULL
nm0000345,Billy,Crystal,1948,NULL
nm0000346,Macaulay,Culkin,1980,NULL
nm0000347,Tim,Curry,1946,NULL
nm0000348,Tony,Curtis,1925,2010
nm0000349,Joan,Cusack,1962,NULL
nm0000350,Beverly,D'Angelo,1951,NULL
nm0000351,Donna,D'Errico,1968,NULL
nm0000352,Vincent,D'Onofrio,1959,NULL
nm0000353,Willem,Dafoe,1955,NULL
nm0000354,Matt,Damon,1970,NULL
nm0000355,Anthony,Daniels,1946,NULL
nm0000356,Sybil,Danning,1952,NULL
nm0000357,Lolita,Davidovich,1961,NULL
nm0000358,Daniel,Day-Lewis,1957,NULL
nm0000359,Olivier,deFunès,1949,NULL
nm0000360,Rebecca,deMornay,1959,NULL
nm0000361,Brian,dePalma,1940,NULL
nm0000362,Danny,DeVito,1944,NULL
nm0000363,Loren,Dean,1969,NULL
nm0000364,Sandra,Dee,1942,2005
nm0000365,Julie,Delpy,1969,NULL
nm0000366,Catherine,Deneuve,1943,NULL
nm0000367,Gérard,Depardieu,1948,NULL
nm0000368,Laura,Dern,1967,NULL
nm0000369,Matt,Dillon,1964,NULL
nm0000370,Walt,Disney,1901,1966
nm0000371,Ami,Dolenz,1969,NULL
nm0000372,Amanda,Donohoe,1962,NULL
nm0000373,Michael,Dorn,1952,NULL
nm0000374,Brad,Dourif,1950,NULL
nm0000375,Robert,Downey,1965,NULL
nm0000376,Fran,Drescher,1957,NULL
nm0000377,Richard,Dreyfuss,1947,NULL
nm0000378,Minnie,Driver,1970,NULL
nm0000379,Kirsten,Dunst,1982,NULL
nm0000380,Robert,Duvall,1931,NULL
nm0000381,Anthony,Edwards,1962,NULL
nm0000382,Atom,Egoyan,1960,NULL
nm0000383,Jennifer,Ehle,1969,NULL
nm0000384,Danny,Elfman,1953,NULL
nm0000385,Sam,Elliott,1944,NULL
nm0000386,Roland,Emmerich,1955,NULL
nm0000387,Robert,Englund,1947,NULL
nm0000388,R.Lee,Ermey,1944,NULL
nm0000389,Emilio,Estevez,1962,NULL
nm0000390,Joe,Eszterhas,1944,NULL
nm0000391,Rupert,Everett,1959,NULL
nm0000392,Morgan,Fairchild,1950,NULL
nm0000393,Peter,Falk,1927,2011
nm0000394,Chris,Farley,1964,1997
nm0000395,Terry,Farrell,1963,NULL
nm0000396,Farrah,Fawcett,1947,2009
nm0000397,Corey,Feldman,1971,NULL
nm0000398,Sally,Field,1946,NULL
nm0000399,David,Fincher,1962,NULL
nm0000400,Linda,Fiorentino,1958,NULL
nm0000401,Laurence,Fishburne,1961,NULL
nm0000402,Carrie,Fisher,1956,2016
nm0000403,Bridget,Fonda,1964,NULL
nm0000404,Jane,Fonda,1937,NULL
nm0000405,Michelle,Forbes,1965,NULL
nm0000406,John,Ford,1894,1973
nm0000407,Vivica,A.Fox,1964,NULL
nm0000408,Jonathan,Frakes,1952,NULL
nm0000409,Brendan,Fraser,1968,NULL
nm0000410,Stephen,Fry,1957,NULL
nm0000411,Edward,Furlong,1977,NULL
nm0000412,Andy,Garcia,1956,NULL
nm0000413,Janeane,Garofalo,1964,NULL
nm0000414,Teri,Garr,1947,NULL
nm0000415,Jami,Gertz,1965,NULL
nm0000416,Terry,Gilliam,1940,NULL
nm0000417,Crispin,Glover,1964,NULL
nm0000418,Danny,Glover,1946,NULL
nm0000419,Jean-Luc,Godard,1930,NULL
nm0000420,Valeria,Golino,1965,NULL
nm0000421,Cuba,Gooding,1968,NULL
nm0000422,John,Goodman,1952,NULL
nm0000423,Serena,Grandi,1958,NULL
nm0000424,Hugh,Grant,1960,NULL
nm0000425,Peter,Greenaway,1942,NULL
nm0000426,Jennifer,Grey,1960,NULL
nm0000427,Pam,Grier,1949,NULL
nm0000428,D.W.Griffith,,1875,1948
nm0000429,Melanie,Griffith,1957,NULL
nm0000430,Steve,Guttenberg,1958,NULL
nm0000431,Taylor,Hackford,1944,NULL
nm0000432,Gene,Hackman,1930,NULL
nm0000433,Corey,Haim,1971,2010
nm0000434,Mark,Hamill,1951,NULL
nm0000435,Daryl,Hannah,1960,NULL
nm0000436,Curtis,Hanson,1945,2016
nm0000437,Woody,Harrelson,1961,NULL
nm0000438,Ed,Harris,1950,NULL
nm0000439,Neil,Patrick,1973,NULL
nm0000440,Nina,Hartley,1959,NULL
nm0000441,Noah,Hathaway,1971,NULL
nm0000442,Rutger,Hauer,1944,NULL
nm0000443,Goldie,Hawn,1945,NULL
nm0000444,Glenne,Headly,1955,2017
nm0000445,Dan,Hedaya,1940,NULL
nm0000446,Mariel,Hemingway,1961,NULL
nm0000447,Marilu,Henner,1952,NULL
nm0000448,Lance,Henriksen,1940,NULL
nm0000449,Natasha,Henstridge,1974,NULL
nm0000450,Philip,Seymour,1967,2014
nm0000451,Gaby,Hoffmann,1982,NULL
nm0000452,Lauren,Holly,1963,NULL
nm0000453,Ian,Holm,1931,NULL
nm0000454,Dennis,Hopper,1936,2010
nm0000455,John,Hughes,1950,2009
nm0000456,Holly,Hunter,1958,NULL
nm0000457,John,Hurt,1940,2017
nm0000458,William,Hurt,1950,NULL
nm0000459,Timothy,Hutton,1960,NULL
nm0000460,Jeremy,Irons,1948,NULL
nm0000461,Michael,Ironside,1950,NULL
nm0000462,Kate,Jackson,1948,NULL
nm0000463,Famke,Janssen,1964,NULL
nm0000464,Jim,Jarmusch,1953,NULL
nm0000465,Ron,Jeremy,1953,NULL
nm0000466,Jean-Pierre,Jeunet,1953,NULL
nm0000467,Don,Johnson,1949,NULL
nm0000468,Lynn-Holly,Johnson,1958,NULL
nm0000469,James,Earl,1931,NULL
nm0000470,Jeffrey,Jones,1946,NULL
nm0000471,Raul,Julia,1940,1994
nm0000472,Boris,Karloff,1887,1969
nm0000473,Diane,Keaton,1946,NULL
nm0000474,Michael,Keaton,1951,NULL
nm0000475,Patsy,Kensit,1968,NULL
nm0000476,Sally,Kirkland,1941,NULL
nm0000477,Mia,Kirshner,1975,NULL
nm0000478,Tawny,Kitaen,1961,NULL
nm0000479,Walter,Koenig,1936,NULL
nm0000480,Elias,Koteas,1961,NULL
nm0000481,Alice,Krige,1954,NULL
nm0000482,Sylvia,Kristel,1952,2012
nm0000483,Christopher,Lambert,1957,NULL
nm0000484,John,Landis,1950,NULL
nm0000485,Fritz,Lang,1890,1976
nm0000486,Heather,Langenkamp,1964,NULL
nm0000487,Ang,Lee,1954,NULL
nm0000488,Brandon,Lee,1965,1993
nm0000489,Christopher,Lee,1922,2015
nm0000490,Spike,Lee,1957,NULL
nm0000491,John,Leguizamo,1964,NULL
nm0000492,Jennifer,Jason,1962,NULL
nm0000493,Jack,Lemmon,1925,2001
nm0000494,Robert,Sean,1969,NULL
nm0000495,Téa,Leoni,1966,NULL
nm0000496,Juliette,Lewis,1973,NULL
nm0000497,Jennifer,Lien,1974,NULL
nm0000498,Matthew,Lillard,1970,NULL
nm0000499,Bai,Ling,1966,NULL
nm0000500,Richard,Linklater,1960,NULL
nm0000501,Ray,Liotta,1954,NULL
nm0000502,Christopher,Lloyd,1938,NULL
nm0000503,Emily,Lloyd,1970,NULL
nm0000504,Amy,Locane,1971,NULL
nm0000505,Nia,Long,1970,NULL
nm0000506,Julia,Louis-Dreyfus,1961,NULL
nm0000507,Rob,Lowe,1964,NULL
nm0000508,Carey,Lowell,1961,NULL
nm0000509,Bela,Lugosi,1882,1956
nm0000510,Andie,MacDowell,1958,NULL
nm0000511,Shirley,MacLaine,1934,NULL
nm0000512,Elle,Macpherson,1964,NULL
nm0000513,William,H.Macy,1950,NULL
nm0000514,Michael,Madsen,1958,NULL
nm0000515,Virginia,Madsen,1961,NULL
nm0000516,Lee,Majors,1939,NULL
nm0000517,Terrence,Malick,1943,NULL
nm0000518,John,Malkovich,1953,NULL
nm0000519,David,Mamet,1947,NULL
nm0000520,Michael,Mann,1943,NULL
nm0000521,Sophie,Marceau,1966,NULL
nm0000522,Vanessa,Marcil,1968,NULL
nm0000523,Julianna,Margulies,1966,NULL
nm0000524,Mary,Stuart,1966,NULL
nm0000525,Heather,Matarazzo,1982,NULL
nm0000526,Samantha,Mathis,1970,NULL
nm0000527,Walter,Matthau,1920,2000
nm0000528,Mathilda,May,1965,NULL
nm0000529,Debi,Mazar,1964,NULL
nm0000530,Andrew,McCarthy,1962,NULL
nm0000531,Frances,McDormand,1957,NULL
nm0000532,Malcolm,McDowell,1943,NULL
nm0000533,Gates,McFadden,1949,NULL
nm0000534,Kelly,McGillis,1957,NULL
nm0000535,Rose,McGowan,1973,NULL
nm0000536,Robert,Duncan,1964,NULL
nm0000537,Steve,McQueen,1930,1980
nm0000538,Colm,Meaney,1953,NULL
nm0000539,Dina,Meyer,1968,NULL
nm0000540,Russ,Meyer,1922,2004
nm0000541,Bette,Midler,1945,NULL
nm0000542,Penelope,Ann,1964,NULL
nm0000543,Sal,Mineo,1939,1976
nm0000544,Carmen,Miranda,1909,1955
nm0000545,Helen,Mirren,1945,NULL
nm0000546,Matthew,Modine,1959,NULL
nm0000547,Alfred,Molina,1953,NULL
nm0000548,Elizabeth,Montgomery,1933,1995
nm0000549,Roger,Moore,1927,2017
nm0000550,Kate,Mulgrew,1955,NULL
nm0000551,Dermot,Mulroney,1963,NULL
nm0000552,Eddie,Murphy,1961,NULL
nm0000553,Liam,Neeson,1952,NULL
nm0000554,Sam,Neill,1947,NULL
nm0000555,Judd,Nelson,1959,NULL
nm0000556,Olivia,Newton-John,1948,NULL
nm0000557,Brigitte,Nielsen,1963,NULL
nm0000558,Leslie,Nielsen,1926,2010
nm0000559,Leonard,Nimoy,1931,2015
nm0000560,Nick,Nolte,1941,NULL
nm0000561,Peter,North,1957,NULL
nm0000562,Jeremy,Northam,1961,NULL
nm0000563,Chris,O'Donnell,1970,NULL
nm0000564,Peter,O'Toole,1932,2013
nm0000565,Lena,Olin,1955,NULL
nm0000566,Julia,Ormond,1965,NULL
nm0000567,George,Orwell,1903,1950
nm0000568,Frank,Oz,1944,NULL
nm0000569,Gwyneth,Paltrow,1972,NULL
nm0000570,Alan,Parker,1944,NULL
nm0000571,Mary-Louise,Parker,1964,NULL
nm0000572,Sarah,Jessica,1965,NULL
nm0000573,Dolly,Parton,1946,NULL
nm0000574,Jason,Patric,1966,NULL
nm0000575,Alexandra,Paul,1963,NULL
nm0000576,Sean,Penn,1960,NULL
nm0000577,George,Peppard,1928,1994
nm0000578,Anthony,Perkins,1932,1992
nm0000579,Ron,Perlman,1950,NULL
nm0000580,Luke,Perry,1966,NULL
nm0000581,Joseph,L.Mankiewicz,1909,1993
nm0000582,Joe,Pesci,1943,NULL
nm0000583,Wolfgang,Petersen,1941,NULL
nm0000584,Amanda,Peterson,1971,2015
nm0000585,Robert,Picardo,1953,NULL
nm0000586,Jada,Pinkett,1971,NULL
nm0000587,Donald,Pleasence,1919,1995
nm0000588,Martha,Plimpton,1970,NULL
nm0000589,Eve,Plumb,1958,NULL
nm0000590,Edgar,Allan,1809,1849
nm0000591,Roman,Polanski,1933,NULL
nm0000592,Pete,Postlethwaite,1946,2011
nm0000593,Kelly,Preston,1962,NULL
nm0000594,Jason,Priestley,1969,NULL
nm0000595,Victoria,Principal,1950,NULL
nm0000596,Jonathan,Pryce,1947,NULL
nm0000597,Bill,Pullman,1953,NULL
nm0000598,Dennis,Quaid,1954,NULL
nm0000599,Kathleen,Quinlan,1954,NULL
nm0000600,Sam,Raimi,1959,NULL
nm0000601,Harold,Ramis,1944,2014
nm0000602,Robert,Redford,1936,NULL
nm0000603,Vanessa,Redgrave,1937,NULL
nm0000604,John,C.Reilly,1965,NULL
nm0000605,Brad,Renfro,1982,2008
nm0000606,Jean,Reno,1948,NULL
nm0000607,Paul,Reubens,1952,NULL
nm0000608,Burt,Reynolds,1936,NULL
nm0000609,Ving,Rhames,1959,NULL
nm0000610,Giovanni,Ribisi,1974,NULL
nm0000611,Ariana,Richards,1979,NULL
nm0000612,Denise,Richards,1971,NULL
nm0000613,Joely,Richardson,1965,NULL
nm0000614,Alan,Rickman,1946,2016
nm0000615,John,Ritter,1948,2003
nm0000616,Eric,Roberts,1956,NULL
nm0000617,Tanya,Roberts,1955,NULL
nm0000618,Isabella,Rossellini,1952,NULL
nm0000619,Tim,Roth,1961,NULL
nm0000620,Mickey,Rourke,1952,NULL
nm0000621,Kurt,Russell,1951,NULL
nm0000622,Theresa,Russell,1957,NULL
nm0000623,Rene,Russo,1954,NULL
nm0000624,Laura,San,1962,NULL
nm0000625,Fred,Savage,1976,NULL
nm0000626,John,Sayles,1950,NULL
nm0000627,Greta,Scacchi,1960,NULL
nm0000628,Johnathon,Schaech,1969,NULL
nm0000629,Claudia,Schiffer,1970,NULL
nm0000630,Liev,Schreiber,1967,NULL
nm0000631,Ridley,Scott,1937,NULL
nm0000632,Jerry,Seinfeld,1954,NULL
nm0000633,Tom,Selleck,1945,NULL
nm0000634,Peter,Sellers,1925,1980
nm0000635,Yahoo,Serious,1953,NULL
nm0000636,William,Shakespeare,1564,1616
nm0000637,Tupac,Shakur,1971,1996
nm0000638,William,Shatner,1931,NULL
nm0000639,Ally,Sheedy,1962,NULL
nm0000640,Martin,Sheen,1940,NULL
nm0000641,Gary,Sinise,1955,NULL
nm0000642,Marina,Sirtis,1955,NULL
nm0000643,Tom,Skerritt,1933,NULL
nm0000644,Helen,Slater,1963,NULL
nm0000645,Anna,Nicole,1967,2007
nm0000646,Jaclyn,Smith,1945,NULL
nm0000647,Alan,Smithee,\N,NULL
nm0000648,Wesley,Snipes,1962,NULL
nm0000649,Paul,Sorvino,1939,NULL
nm0000650,Talisa,Soto,1967,NULL
nm0000651,Sissy,Spacek,1949,NULL
nm0000652,James,Spader,1960,NULL
nm0000653,Brent,Spiner,1949,NULL
nm0000654,Terence,Stamp,1938,NULL
nm0000655,Eric,Stoltz,1961,NULL
nm0000656,Madeleine,Stowe,1958,NULL
nm0000657,David,Strathairn,1949,NULL
nm0000658,Meryl,Streep,1949,NULL
nm0000659,Barbra,Streisand,1942,NULL
nm0000660,Tami,Stronach,1972,NULL
nm0000661,Donald,Sutherland,1935,NULL
nm0000662,Kiefer,Sutherland,1966,NULL
nm0000663,Dominique,Swain,1980,NULL
nm0000664,Patrick,Swayze,1952,2009
nm0000665,D.B.Sweeney,,1961,NULL
nm0000666,Lili,Taylor,1967,NULL
nm0000667,David,Thewlis,1963,NULL
nm0000668,Emma,Thompson,1959,NULL
nm0000669,Fred,Dalton,1942,2015
nm0000670,Lea,Thompson,1961,NULL
nm0000671,Billy,Bob,1955,NULL
nm0000672,Meg,Tilly,1960,NULL
nm0000673,Marisa,Tomei,1964,NULL
nm0000674,Tamlyn,Tomita,1966,NULL
nm0000675,Jeanne,Tripplehorn,1963,NULL
nm0000676,Chris,Tucker,1971,NULL
nm0000677,Robin,Tunney,1972,NULL
nm0000678,Kathleen,Turner,1954,NULL
nm0000679,Deborah,Kara,1966,NULL
nm0000680,Casper,Van,1968,NULL
nm0000681,Vince,Vaughn,1970,NULL
nm0000682,Paul,Verhoeven,1938,NULL
nm0000683,Gore,Vidal,1925,2012
nm0000684,Nana,Visitor,1957,NULL
nm0000685,Jon,Voight,1938,NULL
nm0000686,Christopher,Walken,1943,NULL
nm0000687,J.T.Walsh,,1943,1998
nm0000688,Sela,Ward,1956,NULL
nm0000689,Julie,Warner,1965,NULL
nm0000690,Lesley,Ann,1946,NULL
nm0000691,John,Waters,1946,NULL
nm0000692,Teri,Weigel,1962,NULL
nm0000693,Peter,Weller,1947,NULL
nm0000694,Wim,Wenders,1945,NULL
nm0000695,Joanne,Whalley,1961,NULL
nm0000696,Wil,Wheaton,1972,NULL
nm0000697,Billy,Wilder,1906,2002
nm0000698,Gene,Wilder,1933,2016
nm0000699,Michael,Wincott,1958,NULL
nm0000700,Debra,Winger,1955,NULL
nm0000701,Kate,Winslet,1975,NULL
nm0000702,Reese,Witherspoon,1976,NULL
nm0000703,BD,Wong,1960,NULL
nm0000704,Elijah,Wood,1981,NULL
nm0000705,Robin,Wright,1966,NULL
nm0000706,Michelle,Yeoh,1962,NULL
nm0000707,Sean,Young,1959,NULL
nm0000708,Billy,Zane,1966,NULL
nm0000709,Robert,Zemeckis,1952,NULL
nm0000710,David,Raksin,1912,2004
nm0000711,Rick,Baker,1950,NULL
nm0000712,Steve,Cohen,\N,NULL
nm0000713,Joel,Oliansky,1935,2002
nm0000714,Willie,Aames,1960,NULL
nm0000715,Caroline,Aaron,1952,NULL
nm0000716,Paula,Abdul,1962,NULL
nm0000717,Kareem,Abdul-Jabbar,1947,NULL
nm0000718,Ian,Abercrombie,1934,2012
nm0000719,F.Murray,Abraham,1939,NULL
nm0000720,Jim,Abrahams,1944,NULL
nm0000721,Victoria,Abril,1959,NULL
nm0000722,Joss,Ackland,1928,NULL
nm0000723,Deborah,Adair,1952,NULL
nm0000724,Brooke,Adams,1949,NULL
nm0000725,Joey,Lauren,1968,NULL
nm0000726,Maud,Adams,1945,NULL
nm0000727,Percy,Adlon,1935,NULL
nm0000728,Mario,Adorf,1930,NULL
nm0000729,Casey,Affleck,1975,NULL
nm0000730,John,Agar,1921,2002
nm0000731,Brian,Aherne,1902,1986
nm0000732,Danny,Aiello,1933,NULL
nm0000733,Anouk,Aimée,1932,NULL
nm0000734,Eddie,Albert,1906,2005
nm0000735,Brian,Aldiss,1925,NULL
nm0000736,Robert,Aldrich,1918,1983
nm0000737,Jane,Alexander,1939,NULL
nm0000738,Muhammad,Ali,1942,2016
nm0000739,Debbie,Allen,1950,NULL
nm0000740,Irwin,Allen,1916,1991
nm0000741,Tim,Allen,1953,NULL
nm0000742,June,Allyson,1917,2006
nm0000743,Néstor,Almendros,1930,1992
nm0000744,Maria,Conchita,1957,NULL
nm0000745,Carol,Alt,1960,NULL
nm0000746,Trini,Alvarado,1967,NULL
nm0000747,Don,Ameche,1908,1993
nm0000748,Leon,Ames,1902,1993
nm0000749,Mädchen,Amick,1970,NULL
nm0000750,Jon,Amiel,1948,NULL
nm0000751,Suzy,Amis,1962,NULL
nm0000752,Judith,Anderson,1897,1992
nm0000753,Juliet,Anderson,1938,2010
nm0000754,Kevin,Anderson,1960,NULL
nm0000755,Lindsay,Anderson,1923,1994
nm0000756,Loni,Anderson,1945,NULL
nm0000757,Melissa,Sue,1962,NULL
nm0000758,Melody,Anderson,1955,NULL
nm0000759,Paul,Thomas,1970,NULL
nm0000760,Richard,Dean,1950,NULL
nm0000761,Bibi,Andersson,1935,NULL
nm0000762,Anthony,Andrews,1948,NULL
nm0000763,Dana,Andrews,1909,1992
nm0000764,André,the,1946,1993
nm0000765,Pier,Angeli,1932,1971
nm0000766,Theodoros,Angelopoulos,1935,2012
nm0000767,Jean-Hugues,Anglade,1955,NULL
nm0000768,Francesca,Annis,1945,NULL
nm0000769,Susan,Anspach,1942,NULL
nm0000770,David,Anspaugh,1946,NULL
nm0000771,Lysette,Anthony,1963,NULL
nm0000772,Susan,Anton,1950,NULL
nm0000773,Laura,Antonelli,1941,2015
nm0000774,Michelangelo,Antonioni,1912,2007
nm0000775,Christina,Applegate,1971,NULL
nm0000776,Michael,Apted,1941,NULL
nm0000777,Gregg,Araki,1959,NULL
nm0000778,Alfonso,Arau,1932,NULL
nm0000779,Roscoe,'Fatty',1887,1933
nm0000780,Denys,Arcand,1941,NULL
nm0000781,Eve,Arden,1908,1990
nm0000782,Asia,Argento,1975,NULL
nm0000783,Dario,Argento,1940,NULL
nm0000784,Pedro,Armendí¡riz,1912,1963
nm0000785,Alison,Armitage,1965,NULL
nm0000786,George,Armitage,\N,NULL
nm0000787,Bess,Armstrong,1953,NULL
nm0000788,Gillian,Armstrong,1950,NULL
nm0000789,Desi,Arnaz,1917,1986
nm0000790,James,Arness,1923,2011
nm0000791,Jack,Arnold,1916,1992
nm0000792,Tom,Arnold,1959,NULL
nm0000793,Alexis,Arquette,1969,2016
nm0000794,Lewis,Arquette,1935,2001
nm0000795,Jean,Arthur,1900,1991
nm0000796,Dana,Ashbrook,1967,NULL
nm0000797,Hal,Ashby,1929,1988
nm0000798,Linden,Ashby,1960,NULL
nm0000799,Edward,Asner,1929,NULL
nm0000800,Armand,Assante,1949,NULL
nm0000801,Olivier,Assayas,1955,NULL
nm0000802,Mary,Astor,1906,1987
nm0000803,Christopher,Atkins,1961,NULL
nm0000804,Stéphane,Audran,1932,NULL
nm0000805,Claudine,Auger,1941,NULL
nm0000806,Bille,August,1948,NULL
nm0000807,Jane,Austen,1775,1817
nm0000808,Paul,Auster,1947,NULL
nm0000809,Daniel,Auteuil,1950,NULL
nm0000810,Gene,Autry,1907,1998
nm0000811,Frankie,Avalon,1939,NULL
nm0000812,Roger,Avary,1965,NULL
nm0000813,Tex,Avery,1908,1980
nm0000814,John,G.Avildsen,1935,NULL
nm0000815,Mili,Avital,1972,NULL
nm0000816,Jon,Avnet,1949,NULL
nm0000817,Lew,Ayres,1908,1996
nm0000818,Shabana,Azmi,1950,NULL
nm0000819,Barbara,Bach,1947,NULL
nm0000820,Burt,Bacharach,1928,NULL
nm0000821,Amitabh,Bachchan,1942,NULL
nm0000822,Jim,Backus,1913,1989
nm0000823,Angelo,Badalamenti,1937,NULL
nm0000824,John,Badham,1939,NULL
nm0000825,Mary,Badham,1952,NULL
nm0000826,Jane,Badler,1953,NULL
nm0000827,Maxine,Bahns,1971,NULL
nm0000828,Barbara,Bain,1931,NULL
nm0000829,Stuart,Baird,1947,NULL
nm0000830,Oksana,Baiul,1977,NULL
nm0000832,Diane,Baker,1938,NULL
nm0000833,Joe,Don,1936,NULL
nm0000834,Kathy,Baker,1950,NULL
nm0000835,Ralph,Bakshi,1938,NULL
nm0000836,Scott,Bakula,1954,NULL
nm0000837,Bob,Balaban,1945,NULL
nm0000838,Daniel,Baldwin,1960,NULL
nm0000839,Ina,Balin,1937,1990
nm0000840,Lucille,Ball,1911,1989
nm0000841,Michael,Ballhaus,1935,2017
nm0000842,Martin,Balsam,1919,1996
nm0000843,Anne,Bancroft,1931,2005
nm0000844,Tamasaburí´,Bandí´,1950,NULL
nm0000845,Tallulah,Bankhead,1902,1968
nm0000846,Ian,Bannen,1928,1999
nm0000847,Theda,Bara,1885,1955
nm0000848,Olivia,Barash,1965,NULL
nm0000849,Javier,Bardem,1969,NULL
nm0000850,Clive,Barker,1952,NULL
nm0000851,Lex,Barker,1919,1973
nm0000852,Jean-Marc,Barr,1960,NULL
nm0000853,Bruno,Barreto,1955,NULL
nm0000854,Majel,Barrett,1932,2008
nm0000855,Raymond,J.Barry,1939,NULL
nm0000856,Ethel,Barrymore,1879,1959
nm0000857,John,Drew,1932,2004
nm0000858,John,Barrymore,1882,1942
nm0000859,Lionel,Barrymore,1878,1954
nm0000860,Paul,Bartel,1938,2000
nm0000861,Freddie,Bartholomew,1924,1992
nm0000862,Robin,Bartlett,1951,NULL
nm0000863,Billy,Barty,1924,2000
nm0000864,Mikhail,Baryshnikov,1948,NULL
nm0000865,Richard,Basehart,1914,1984
nm0000866,Saul,Bass,1920,1996
nm0000867,Jason,Bateman,1969,NULL
nm0000868,Justine,Bateman,1966,NULL
nm0000869,Alan,Bates,1934,2003
nm0000870,Kathy,Bates,1948,NULL
nm0000871,Randall,Batinkoff,1968,NULL
nm0000872,Patrick,Bauchau,1938,NULL
nm0000873,Belinda,Bauer,1950,NULL
nm0000874,Steven,Bauer,1956,NULL
nm0000875,L.Frank,Baum,1856,1919
nm0000876,Noah,Baumbach,1969,NULL
nm0000877,Lamberto,Bava,1944,NULL
nm0000878,Mario,Bava,1914,1980
nm0000879,Anne,Baxter,1923,1985
nm0000880,Meredith,Baxter,1947,NULL
nm0000881,Michael,Bay,1965,NULL
nm0000882,Nathalie,Baye,1948,NULL
nm0000883,Stephanie,Beacham,1947,NULL
nm0000884,Jennifer,Beals,1963,NULL
nm0000885,Ned,Beatty,1937,NULL
nm0000886,Warren,Beatty,1937,NULL
nm0000887,Harold,Becker,1928,NULL
nm0000888,Meret,Becker,1969,NULL
nm0000889,Bonnie,Bedelia,1948,NULL
nm0000890,Noah,Beery,1913,1994
nm0000891,Wallace,Beery,1885,1949
nm0000892,Jason,Beghe,1960,NULL
nm0000893,Ed,Begley,1949,NULL
nm0000894,Jean-Jacques,Beineix,1946,NULL
nm0000895,Barbara,Bel,1922,2005
nm0000896,Harry,Belafonte,1927,NULL
nm0000897,Ralph,Bellamy,1904,1991
nm0000898,Kathleen,Beller,1956,NULL
nm0000899,Monica,Bellucci,1964,NULL
nm0000900,Pamela,Bellwood,1951,NULL
nm0000901,Jean-Paul,Belmondo,1933,NULL
nm0000902,James,Belushi,1954,NULL
nm0000903,Brian,Benben,1956,NULL
nm0000904,William,Bendix,1906,1964
nm0000905,Roberto,Benigni,1952,NULL
nm0000906,Annette,Bening,1958,NULL
nm0000907,Richard,Benjamin,1938,NULL
nm0000908,David,Bennent,1966,NULL
nm0000909,Constance,Bennett,1904,1965
nm0000910,Joan,Bennett,1910,1990
nm0000911,Nigel,Bennett,1949,NULL
nm0000912,Jack,Benny,1894,1974
nm0000913,Robby,Benson,1956,NULL
nm0000914,Robert,Benton,1932,NULL
nm0000915,Bruce,Beresford,1940,NULL
nm0000916,Peter,Berg,1964,NULL
nm0000917,Polly,Bergen,1930,2014
nm0000918,Helmut,Berger,1944,NULL
nm0000919,Senta,Berger,1941,NULL
nm0000920,Patrick,Bergin,1951,NULL
nm0000921,Andrew,Bergman,1945,NULL
nm0000922,Sandahl,Bergman,1951,NULL
nm0000923,Busby,Berkeley,1895,1976
nm0000924,Elizabeth,Berkley,1972,NULL
nm0000925,Steven,Berkoff,1937,NULL
nm0000926,Milton,Berle,1908,2002
nm0000927,Irving,Berlin,1888,1989
nm0000928,Sandra,Bernhard,1955,NULL
nm0000929,Corbin,Bernsen,1954,NULL
nm0000930,Elmer,Bernstein,1922,2004
nm0000931,Elizabeth,Berridge,1962,NULL
nm0000932,Halle,Berry,1966,NULL
nm0000933,Valerie,Bertinelli,1960,NULL
nm0000934,Bernardo,Bertolucci,1941,NULL
nm0000935,Bibi,Besch,1942,1996
nm0000936,Martine,Beswick,1941,NULL
nm0000937,Richard,Beymer,1938,NULL
nm0000938,Daniela,Bianchi,1942,NULL
nm0000939,Adrian,Biddle,1952,2005
nm0000940,Bigas,Luna,1946,2013
nm0000941,Kathryn,Bigelow,1951,NULL
nm0000942,Theodore,Bikel,1924,2015
nm0000943,Traci,Bingham,1968,NULL
nm0000944,Antonia,Bird,1951,2013
nm0000945,Jane,Birkin,1946,NULL
nm0000946,Whit,Bissell,1909,1996
nm0000947,Karen,Black,1939,2013
nm0000948,Shane,Black,1961,NULL
nm0000949,Cate,Blanchett,1969,NULL
nm0000950,Brenda,Blethyn,1946,NULL
nm0000951,Joan,Blondell,1906,1979
nm0000952,Hart,Bochner,1956,NULL
nm0000953,Peter,Bogdanovich,1939,NULL
nm0000954,Jon,Bon,1962,NULL
nm0000955,Ward,Bond,1903,1960
nm0000956,Lisa,Bonet,1967,NULL
nm0000957,Jan,deBont,1943,NULL
nm0000958,John,Boorman,1933,NULL
nm0000959,Powers,Boothe,1948,2017
nm0000960,Barry,Bostwick,1945,NULL
nm0000961,Timothy,Bottoms,1951,NULL
nm0000962,Carole,Bouquet,1957,NULL
nm0000963,Stephen,Boyd,1931,1977
nm0000964,Charles,Boyer,1899,1978
nm0000965,Danny,Boyle,1956,NULL
nm0000966,Lorraine,Bracco,1954,NULL
nm0000967,Eric,Braeden,1941,NULL
nm0000968,Sonia,Braga,1950,NULL
nm0000969,Lillo,Brancato,1976,NULL
nm0000970,Jonathan,Brandis,1976,2003
nm0000971,Nicoletta,Braschi,1960,NULL
nm0000972,Tinto,Brass,1933,NULL
nm0000973,Benjamin,Bratt,1963,NULL
nm0000974,Walter,Brennan,1894,1974
nm0000975,Robert,Bresson,1901,1999
nm0000976,Martin,Brest,1951,NULL
nm0000977,Beau,Bridges,1941,NULL
nm0000978,Lloyd,Bridges,1913,1998
nm0000979,Wilford,Brimley,1934,NULL
nm0000980,Jim,Broadbent,1949,NULL
nm0000981,James,Brolin,1940,NULL
nm0000982,Josh,Brolin,1968,NULL
nm0000983,Albert,Brooks,1947,NULL
nm0000984,Avery,Brooks,1948,NULL
nm0000985,James,L.Brooks,1940,NULL
nm0000986,Bryan,Brown,1947,NULL
nm0000987,Jim,Brown,1936,NULL
nm0000988,Jerry,Bruckheimer,1943,NULL
nm0000989,Yul,Brynner,1920,1985
nm0000990,Betty,Buckley,1947,NULL
nm0000991,Geneviève,Bujold,1942,NULL
nm0000992,Billie,Burke,1884,1970
nm0000993,Carol,Burnett,1933,NULL
nm0000994,Raymond,Burr,1917,1993
nm0000995,Ellen,Burstyn,1932,NULL
nm0000996,LeVar,Burton,1957,NULL
nm0000997,Gary,Busey,1944,NULL
nm0000998,Jake,Busey,1971,NULL
nm0000999,Red,Buttons,1919,2006
nm0001000,Tom,Byron,1961,NULL
nm0001001,James,Caan,1940,NULL
nm0001002,Dean,Cain,1966,NULL
nm0001003,Simon,Callow,1949,NULL
nm0001004,Billy,Campbell,1959,NULL
nm0001005,Jane,Campion,1954,NULL
nm0001006,John,Candy,1950,1994
nm0001007,Dyan,Cannon,1937,NULL
nm0001008,Frank,Capra,1897,1991
nm0001009,Kate,Capshaw,1953,NULL
nm0001010,Capucine,,1928,1990
nm0001011,Irene,Cara,1959,NULL
nm0001012,Claudia,Cardinale,1938,NULL
nm0001013,Harry,Carey,1921,2012
nm0001014,Mariah,Carey,1970,NULL
nm0001015,Robert,Carlyle,1961,NULL
nm0001016,David,Carradine,1936,2009
nm0001017,John,Carradine,1906,1988
nm0001018,Keith,Carradine,1949,NULL
nm0001019,Robert,Carradine,1954,NULL
nm0001020,Katrin,Cartlidge,1961,2002
nm0001021,Veronica,Cartwright,1949,NULL
nm0001022,Dana,Carvey,1955,NULL
nm0001023,John,Cassavetes,1929,1989
nm0001024,Nick,Cassavetes,1959,NULL
nm0001025,Seymour,Cassel,1935,NULL
nm0001026,Joanna,Cassidy,1945,NULL
nm0001027,Shaun,Cassidy,1958,NULL
nm0001028,Maxwell,Caulfield,1959,NULL
nm0001029,Jim,Caviezel,1968,NULL
nm0001030,John,Cazale,1935,1978
nm0001031,ClaudeChabrol,,1930,2010
nm0001032,Marilyn,Chambers,1952,2009
nm0001033,Lon,Chaney,1906,1973
nm0001034,Rosalind,Chao,1957,NULL
nm0001035,Ben,Chaplin,1970,NULL
nm0001036,Geraldine,Chaplin,1944,NULL
nm0001037,Graham,Chapman,1941,1989
nm0001038,Josh,Charles,1971,NULL
nm0001039,David,Charvet,1972,NULL
nm0001040,Joan,Chen,1961,NULL
nm0001041,Maggie,Cheung,1964,NULL
nm0001042,Lois,Chiles,1947,NULL
nm0001043,Anna,Chlumsky,1980,NULL
nm0001044,Rae,Dawn,1961,NULL
nm0001045,Tommy,Chong,1938,NULL
nm0001046,Julie,Christie,1940,NULL
nm0001047,Michael,Cimino,1939,2016
nm0001048,Andrew,Dice,1957,NULL
nm0001049,Jill,Clayburgh,1944,2010
nm0001050,Montgomery,Clift,1920,1966
nm0001051,Bill,Clinton,1946,NULL
nm0001052,Kurt,Cobain,1967,1994
nm0001053,Ethan,Coen,1957,NULL
nm0001054,Joel,Coen,1954,NULL
nm0001055,Claudette,Colbert,1903,1996
nm0001056,Dabney,Coleman,1932,NULL
nm0001057,Toni,Collette,1972,NULL
nm0001058,Joan,Collins,1933,NULL
nm0001059,Robbie,Coltrane,1950,NULL
nm0001060,Chris,Columbus,1958,NULL
nm0001061,Holly,Marie,1973,NULL
nm0001062,Jeffrey,Combs,1954,NULL
nm0001063,Jeff,Conaway,1950,2011
nm0001064,Jason,Connery,1963,NULL
nm0001065,Harry,Connick,1967,NULL
nm0001066,Robert,Conrad,1935,NULL
nm0001067,Jackie,Coogan,1914,1984
nm0001068,Sofia,Coppola,1971,NULL
nm0001069,Bud,Cort,1948,NULL
nm0001070,Bill,Cosby,1937,NULL
nm0001071,Annie,Costner,1984,NULL
nm0001072,Joseph,Cotten,1905,1994
nm0001073,Courteney,Cox,1964,NULL
nm0001074,Ronny,Cox,1938,NULL
nm0001075,Peter,Coyote,1941,NULL
nm0001076,Joan,Crawford,1906,1977
nm0001077,Richard,Crenna,1926,2003
nm0001078,Bing,Crosby,1903,1977
nm0001079,Scatman,Crothers,1910,1986
nm0001080,Lindsay,Crouse,1948,NULL
nm0001081,Cameron,Crowe,1957,NULL
nm0001082,Billy,Crudup,1968,NULL
nm0001083,Jon,Cryer,1965,NULL
nm0001084,Ice,Cube,1969,NULL
nm0001085,Kieran,Culkin,1982,NULL
nm0001086,Alan,Cumming,1965,NULL
nm0001087,Lee,Curreri,1961,NULL
nm0001088,Peter,Cushing,1913,1994
nm0001089,Henry,Czerny,1959,NULL
nm0001090,Joe,D'Amato,1936,1999
nm0001091,Patti,D'Arbanville,1951,NULL
nm0001092,Mark,Dacascos,1964,NULL
nm0001093,John,Dahl,\N,NULL
nm0001094,Roald,Dahl,1916,1990
nm0001095,Béatrice,Dalle,1964,NULL
nm0001096,Timothy,Dalton,1946,NULL
nm0001097,Charles,Dance,1946,NULL
nm0001098,Rodney,Dangerfield,1921,2004
nm0001099,Jeff,Daniels,1955,NULL
nm0001100,Blythe,Danner,1943,NULL
nm0001101,Ted,Danson,1947,NULL
nm0001102,Joe,Dante,1946,NULL
nm0001103,Tony,Danza,1951,NULL
nm0001104,Frank,Darabont,1959,NULL
nm0001105,Linda,Darnell,1923,1965
nm0001106,Racquel,Darrian,1968,NULL
nm0001107,Stacey,Dash,1967,NULL
nm0001108,Robert,Davi,1951,NULL
nm0001109,Jaye,Davidson,1968,NULL
nm0001110,Embeth,Davidtz,1965,NULL
nm0001111,Jeremy,Davies,1969,NULL
nm0001112,Andrew,Davis,1946,NULL
nm0001113,Brad,Davis,1949,1991
nm0001114,Judy,Davis,1955,NULL
nm0001115,Ossie,Davis,1917,2005
nm0001116,Warwick,Davis,1970,NULL
nm0001117,Bruce,Davison,1946,NULL
nm0001118,Pam,Dawber,1951,NULL
nm0001119,Yvonne,deCarlo,1922,2007
nm0001120,Vittorio,deSica,1901,1974
nm0001121,Brandon,deWilde,1942,1972
nm0001122,Ellen,DeGeneres,1958,NULL
nm0001123,Dom,DeLuise,1933,2009
nm0001124,Cecil,B.DeMille,1881,1959
nm0001125,Benicio,Del,1967,NULL
nm0001126,Kim,Delaney,1961,NULL
nm0001127,Dana,Delany,1956,NULL
nm0001128,Alain,Delon,1935,NULL
nm0001129,Jonathan,Demme,1944,2017
nm0001130,Ted,Demme,1963,2002
nm0001131,Patrick,Dempsey,1966,NULL
nm0001132,Judi,Dench,1934,NULL
nm0001133,Brian,Dennehy,1938,NULL
nm0001134,Bob,Denver,1935,2005
nm0001135,John,Derek,1926,1998
nm0001136,Bruce,Dern,1936,NULL
nm0001137,William,Devane,1939,NULL
nm0001138,Susan,Dey,1952,NULL
nm0001139,Tom,DiCillo,1953,NULL
nm0001140,Philip,K.Dick,1928,1982
nm0001141,Angie,Dickinson,1931,NULL
nm0001142,Uschi,Digard,1948,NULL
nm0001143,Kevin,Dillon,1965,NULL
nm0001144,Céline,Dion,1968,NULL
nm0001145,Divine,,1945,1988
nm0001146,Donna,Dixon,1957,NULL
nm0001147,Shannen,Doherty,1971,NULL
nm0001148,Troy,Donahue,1936,2001
nm0001149,Richard,Donner,1930,NULL
nm0001150,James,Doohan,1920,2005
nm0001151,Stephen,Dorff,1973,NULL
nm0001152,Illeana,Douglas,1965,NULL
nm0001153,Lesley-Anne,Down,1954,NULL
nm0001154,Michael,Dudikoff,1954,NULL
nm0001155,Patrick,Duffy,1949,NULL
nm0001156,Olympia,Dukakis,1931,NULL
nm0001157,Patty,Duke,1946,2016
nm0001158,Keir,Dullea,1936,NULL
nm0001159,Faye,Dunaway,1941,NULL
nm0001160,Adrian,Dunbar,1958,NULL
nm0001161,Dominique,Dunne,1959,1982
nm0001162,Griffin,Dunne,1955,NULL
nm0001163,Roy,Dupuis,1963,NULL
nm0001164,Charles,Durning,1923,2012
nm0001165,Charles,S.Dutton,1951,NULL
nm0001166,James,Duval,1972,NULL
nm0001167,Shelley,Duvall,1949,NULL
nm0001168,Bob,Dylan,1941,NULL
nm0001169,George,Dzundza,1945,NULL
nm0001170,Roger,Ebert,1942,2013
nm0001171,Buddy,Ebsen,1908,2003
nm0001172,Christopher,Eccleston,1964,NULL
nm0001173,Aaron,Eckhart,1968,NULL
nm0001174,Barbara,Eden,1931,NULL
nm0001175,Blake,Edwards,1922,2010
nm0001176,Nicole,Eggert,1972,NULL
nm0001177,Chris,Eigeman,1965,NULL
nm0001178,Sergei,M.Eisenstein,1898,1948
nm0001179,Anita,Ekberg,1931,2015
nm0001180,Britt,Ekland,1942,NULL
nm0001181,Jack,Elam,1920,2003
nm0001182,Carmen,Electra,1972,NULL
nm0001183,Bodhi,Elfman,1969,NULL
nm0001184,Jenna,Elfman,1971,NULL
nm0001185,Hector,Elizondo,1936,NULL
nm0001186,Denholm,Elliott,1922,1992
nm0001187,Noah,Emmerich,1965,NULL
nm0001188,Nora,Ephron,1941,2012
nm0001189,Gabriel,Yared,1949,NULL
nm0001190,David,Prowse,1935,NULL
nm0001191,Adam,Sandler,1966,NULL
nm0001192,John,Mark,1949,NULL
nm0001193,Shelley,Fabares,1944,NULL
nm0001194,Jeff,Fahey,1952,NULL
nm0001195,Douglas,Fairbanks,1909,2000
nm0001196,Douglas,Fairbanks,1883,1939
nm0001197,Anna,Falchi,1972,NULL
nm0001198,Debrah,Farentino,1959,NULL
nm0001199,Dennis,Farina,1944,2013
nm0001200,Gary,Farmer,1953,NULL
nm0001201,Mia,Farrow,1945,NULL
nm0001202,Rainer,Werner,1945,1982
nm0001203,William,Faulkner,1897,1962
nm0001204,Marty,Feldman,1934,1982
nm0001205,Norman,Fell,1924,1998
nm0001206,Abel,Ferrara,1951,NULL
nm0001207,José,Ferrer,1912,1992
nm0001208,Miguel,Ferrer,1955,2017
nm0001209,William,Fichtner,1956,NULL
nm0001210,Chelsea,Field,1957,NULL
nm0001211,W.C.Fields,,1880,1946
nm0001212,Joseph,Fiennes,1970,NULL
nm0001213,Harvey,Fierstein,1954,NULL
nm0001214,Mike,Figgis,1948,NULL
nm0001215,Albert,Finney,1936,NULL
nm0001216,Tara,Fitzgerald,1967,NULL
nm0001217,Fionnula,Flanagan,1941,NULL
nm0001218,Sean,Patrick,1965,NULL
nm0001219,Gary,Fleder,1965,NULL
nm0001220,Ian,Fleming,1908,1964
nm0001221,Louise,Fletcher,1934,NULL
nm0001222,Calista,Flockhart,1964,NULL
nm0001223,Lara,Flynn,1970,NULL
nm0001224,Errol,Flynn,1909,1959
nm0001225,Nina,Foch,1924,2008
nm0001226,James,Foley,1953,NULL
nm0001227,Megan,Follows,1968,NULL
nm0001228,Peter,Fonda,1940,NULL
nm0001229,Glenn,Ford,1916,2006
nm0001230,Harrison,Ford,1884,1957
nm0001231,Claire,Forlani,1971,NULL
nm0001232,Milos,Forman,1932,NULL
nm0001233,Robert,Forster,1941,NULL
nm0001234,John,Forsythe,1918,2010
nm0001235,William,Forsythe,1955,NULL
nm0001236,Meg,Foster,1948,NULL
nm0001237,Samantha,Fox,1950,NULL
nm0001238,Jesíºs,Franco,1930,2013
nm0001239,John,Frankenheimer,1930,2002
nm0001240,Dennis,Franz,1944,NULL
nm0001241,Stephen,Frears,1941,NULL
nm0001242,Matt,Frewer,1958,NULL
nm0001243,William,Friedkin,1935,NULL
nm0001244,Sadie,Frost,1965,NULL
nm0001245,Mira,Furlan,1955,NULL
nm0001246,Dan,Futterman,1967,NULL
nm0001247,Eva,Gabor,1919,1995
nm0001248,Zsa,Zsa,1917,2016
nm0001249,Monique,Gabrielle,1963,NULL
nm0001250,Charlotte,Gainsbourg,1971,NULL
nm0001251,Peter,Gallagher,1955,NULL
nm0001252,Vincent,Gallo,1961,NULL
nm0001253,Mason,Gamble,1986,NULL
nm0001254,James,Gandolfini,1961,2013
nm0001255,Victor,Garber,1949,NULL
nm0001256,Greta,Garbo,1905,1990
nm0001257,Ava,Gardner,1922,1990
nm0001258,James,Garner,1928,2014
nm0001259,Jennie,Garth,1972,NULL
nm0001260,John,Gavin,1931,NULL
nm0001261,Rebecca,Gayheart,1971,NULL
nm0001262,Ben,Gazzara,1930,2012
nm0001263,Jason,Gedrick,1965,NULL
nm0001264,Sarah,Michelle,1977,NULL
nm0001265,Susan,George,1950,NULL
nm0001266,Gil,Gerard,1943,NULL
nm0001267,Balthazar,Getty,1975,NULL
nm0001268,Estelle,Getty,1923,2008
nm0001269,Cynthia,Gibb,\N,NULL
nm0001270,Brian,Gibson,1944,2004
nm0001271,Melissa,Gilbert,1964,NULL
nm0001272,Annabeth,Gish,1971,NULL
nm0001273,Lillian,Gish,1893,1993
nm0001274,Paul,Michael,1943,NULL
nm0001275,Philip,Glass,1937,NULL
nm0001276,Jackie,Gleason,1916,1987
nm0001277,Scott,Glenn,1939,NULL
nm0001278,John,Glover,1944,NULL
nm0001279,William,Goldman,1931,NULL
nm0001280,Jenette,Goldstein,1960,NULL
nm0001281,Bobcat,Goldthwait,1962,NULL
nm0001282,Tony,Goldwyn,1960,NULL
nm0001283,Louis,Gossett,1936,NULL
nm0001284,Michael,Gough,1916,2011
nm0001285,Elliott,Gould,1938,NULL
nm0001286,Elizabeth,Gracen,1961,NULL
nm0001287,Heather,Graham,1970,NULL
nm0001288,Kelsey,Grammer,1955,NULL
nm0001289,Stewart,Granger,1913,1993
nm0001290,Richard,E.Grant,1957,NULL
nm0001291,Rupert,Graves,1963,NULL
nm0001292,Erin,Gray,1950,NULL
nm0001293,Seth,Green,1974,NULL
nm0001294,Graham,Greene,1904,1991
nm0001295,Graham,Greene,1952,NULL
nm0001296,Lorne,Greene,1915,1987
nm0001297,Joel,Grey,1932,NULL
nm0001298,Richard,Grieco,1965,NULL
nm0001299,Thomas,Ian,1962,NULL
nm0001300,John,Grisham,1955,NULL
nm0001301,Charles,Grodin,1935,NULL
nm0001302,Christopher,Guest,1948,NULL
nm0001303,Carla,Gugino,1971,NULL
nm0001304,Fred,Gwynne,1926,1993
nm0001305,Lukas,Haas,1976,NULL
nm0001306,Larry,Hagman,1931,2012
nm0001307,Stacy,Haiduk,1968,NULL
nm0001308,Alan,Hale,1921,1990
nm0001309,Anthony,Michael,1968,NULL
nm0001310,Kevin,Peter,1955,1991
nm0001311,Philip,Baker,1931,NULL
nm0001312,Geri,Horner,1972,NULL
nm0001313,George,Hamilton,1939,NULL
nm0001314,John,Hannah,1962,NULL
nm0001315,Marcia,Gay,1959,NULL
nm0001316,Oliver,Hardy,1892,1957
nm0001317,Renny,Harlin,1959,NULL
nm0001318,Jean,Harlow,1911,1937
nm0001319,Mark,Harmon,1951,NULL
nm0001320,Valerie,Harper,1939,NULL
nm0001321,Richard,Harris,1930,2002
nm0001322,Rex,Harrison,1908,1990
nm0001323,Debbie,Harry,1945,NULL
nm0001324,Ian,Hart,1964,NULL
nm0001325,Hal,Hartley,1959,NULL
nm0001326,Josh,Hartnett,1978,NULL
nm0001327,David,Hasselhoff,1952,NULL
nm0001328,Howard,Hawks,1896,1977
nm0001329,Nigel,Hawthorne,1929,2001
nm0001330,Sterling,Hayden,1916,1986
nm0001331,Todd,Haynes,1961,NULL
nm0001332,Robert,Hays,1947,NULL
nm0001333,Susan,Hayward,1917,1975
nm0001334,John,Heard,1946,2017
nm0001335,Tippi,Hedren,1930,NULL
nm0001336,Van,Heflin,1908,1971
nm0001337,Katherine,Heigl,1978,NULL
nm0001338,Brian,Helgeland,1961,NULL
nm0001339,Marg,Helgenberger,1958,NULL
nm0001340,Katherine,Helmond,1929,NULL
nm0001341,Florence,Henderson,1934,2016
nm0001342,Jimi,Hendrix,1942,1970
nm0001343,Carrie,Henn,1976,NULL
nm0001344,Gregg,Henry,1952,NULL
nm0001345,Jim,Henson,1936,1990
nm0001346,Edward,Herrmann,1943,2014
nm0001347,Barbara,Hershey,1948,NULL
nm0001348,Werner,Herzog,1942,NULL
nm0001349,Jennifer,Love,1979,NULL
nm0001350,Benny,Hill,1924,1992
nm0001351,George,Roy,1921,2002
nm0001352,Terence,Hill,1939,NULL
nm0001353,Walter,Hill,1942,NULL
nm0001354,Ciarí¡n,Hinds,1953,NULL
nm0001355,Michael,Hoffman,1956,NULL
nm0001356,Hulk,Hogan,1953,NULL
nm0001357,Paul,Hogan,1939,NULL
nm0001358,Hal,Holbrook,1925,NULL
nm0001359,Sterling,Holloway,1905,1992
nm0001360,John,Holmes,1944,1988
nm0001361,Tobe,Hooper,1943,NULL
nm0001362,Bob,Hope,1903,2003
nm0001363,Jane,Horrocks,1964,NULL
nm0001364,Bob,Hoskins,1942,2014
nm0001365,Whitney,Houston,1963,2012
nm0001366,Leslie,Howard,1893,1943
nm0001367,C.Thomas,Howell,1966,NULL
nm0001368,Ernie,Hudson,1945,NULL
nm0001369,Rock,Hudson,1925,1985
nm0001370,Finola,Hughes,1959,NULL
nm0001371,Tom,Hulce,1953,NULL
nm0001372,Bonnie,Hunt,1961,NULL
nm0001373,Linda,Hunt,1945,NULL
nm0001374,Jeffrey,Hunter,1926,1969
nm0001375,Kim,Hunter,1922,2002
nm0001376,Isabelle,Huppert,1953,NULL
nm0001377,Olivia,Hussey,1951,NULL
nm0001378,Anjelica,Huston,1951,NULL
nm0001379,John,Huston,1906,1987
nm0001380,Jim,Hutton,1934,1979
nm0001381,Lauren,Hutton,1943,NULL
nm0001382,Peter,Hyams,1943,NULL
nm0001383,David,HydePierce,1959,NULL
nm0001384,Ice-T,,1958,NULL
nm0001385,Eric,Idle,1943,NULL
nm0001386,Natalie,Imbruglia,1975,NULL
nm0001387,Kathy,Ireland,1963,NULL
nm0001388,Amy,Irving,1953,NULL
nm0001389,Chris,Isaak,1956,NULL
nm0001390,Janet,Jackson,1966,NULL
nm0001391,Michael,Jackson,1958,2009
nm0001392,Peter,Jackson,1961,NULL
nm0001393,Irène,Jacob,1966,NULL
nm0001394,Derek,Jacobi,1938,NULL
nm0001395,Richard,Jaeckel,1926,1997
nm0001396,Mick,Jagger,1943,NULL
nm0001397,Brion,James,1945,1999
nm0001398,Jenna,Jameson,1974,NULL
nm0001399,Marianne,Jean-Baptiste,1967,NULL
nm0001400,Michelle,Johnson,1965,NULL
nm0001401,Angelina,Jolie,1975,NULL
nm0001402,Terry,Jones,1942,NULL
nm0001403,Neil,Jordan,1950,NULL
nm0001404,Madeline,Kahn,1942,1999
nm0001405,Janusz,Kaminski,1959,NULL
nm0001406,Carol,Kane,1952,NULL
nm0001407,Mitzi,Kapture,1962,NULL
nm0001408,Shekhar,Kapur,1945,NULL
nm0001409,Tchéky,Karyo,1953,NULL
nm0001410,Lawrence,Kasdan,1949,NULL
nm0001411,William,Katt,1951,NULL
nm0001412,Andy,Kaufman,1949,1984
nm0001413,Julie,Kavner,1950,NULL
nm0001414,Danny,Kaye,1911,1987
nm0001415,Elia,Kazan,1909,2003
nm0001416,Catherine,Keener,1959,NULL
nm0001417,Brian,Keith,1921,1997
nm0001418,David,Keith,1954,NULL
nm0001419,Sally,Kellerman,1937,NULL
nm0001420,DeForest,Kelley,1920,1999
nm0001421,George,Kennedy,1925,2016
nm0001422,Persis,Khambatta,1948,1998
nm0001423,Richard,Kiel,1939,2014
nm0001424,Udo,Kier,1944,NULL
nm0001425,Krzysztof,Kieslowski,1941,1996
nm0001426,Ben,Kingsley,1943,NULL
nm0001427,Greg,Kinnear,1963,NULL
nm0001428,Klaus,Kinski,1926,1991
nm0001429,Takeshi,Kitano,1947,NULL
nm0001430,Jack,Klugman,1922,2012
nm0001431,Wayne,Knight,1955,NULL
nm0001432,Charlie,Korsmo,1978,NULL
nm0001433,Yaphet,Kotto,1939,NULL
nm0001434,Kris,Kristofferson,1936,NULL
nm0001435,Lisa,Kudrow,1963,NULL
nm0001436,Swoosie,Kurtz,1944,NULL
nm0001437,Emir,Kusturica,1954,NULL
nm0001438,Neil,LaBute,1963,NULL
nm0001439,Anthony,LaPaglia,1959,NULL
nm0001440,Cheryl,Ladd,1951,NULL
nm0001441,Christine,Lahti,1950,NULL
nm0001442,Ricki,Lake,1968,NULL
nm0001443,Hedy,Lamarr,1914,2000
nm0001444,Lorenzo,Lamas,1958,NULL
nm0001445,Martin,Landau,1928,2017
nm0001446,Michael,Landon,1936,1991
nm0001447,Nathan,Lane,1956,NULL
nm0001448,Jessica,Lange,1949,NULL
nm0001449,Frank,Langella,1938,NULL
nm0001450,Angela,Lansbury,1925,NULL
nm0001451,Queen,Latifah,1970,NULL
nm0001452,Charles,Laughton,1899,1962
nm0001453,Piper,Laurie,1932,NULL
nm0001454,Martin,Lawrence,1965,NULL
nm0001455,Matt,LeBlanc,1967,NULL
nm0001456,Kelly,LeBrock,1960,NULL
nm0001457,James,Le,1962,NULL
nm0001458,Cloris,Leachman,1926,NULL
nm0001459,Denis,Leary,1957,NULL
nm0001460,Mimi,Leder,1952,NULL
nm0001461,Virginie,Ledoyen,1976,NULL
nm0001462,Jason,Scott,1966,NULL
nm0001463,Janet,Leigh,1927,2004
nm0001464,Kay,Lenz,1953,NULL
nm0001465,Elmore,Leonard,1925,2013
nm0001466,Sergio,Leone,1929,1989
nm0001467,Jared,Leto,1971,NULL
nm0001468,David,Letterman,1947,NULL
nm0001469,Barry,Levinson,1942,NULL
nm0001470,Charlotte,Lewis,1967,NULL
nm0001471,Jerry,Lewis,1926,NULL
nm0001472,Jet,Li,1963,NULL
nm0001473,Laura,Linney,1964,NULL
nm0001474,Tommy,'Tiny',1958,NULL
nm0001475,John,Lithgow,1945,NULL
nm0001476,Cleavon,Little,1939,1992
nm0001477,Robyn,Lively,1972,NULL
nm0001478,June,Lockhart,1925,NULL
nm0001479,Carole,Lombard,1908,1942
nm0001480,Shelley,Long,1949,NULL
nm0001481,Tina,Louise,1934,NULL
nm0001482,Courtney,Love,1964,NULL
nm0001483,Linda,Lovelace,1949,2002
nm0001484,Jon,Lovitz,1957,NULL
nm0001485,Myrna,Loy,1905,1993
nm0001486,Sidney,Lumet,1924,2011
nm0001487,John,Lynch,1961,NULL
nm0001488,Kelly,Lynch,1959,NULL
nm0001489,Paul,Lynde,1926,1982
nm0001490,Adrian,Lyne,1941,NULL
nm0001491,Melanie,Lynskey,1977,NULL
nm0001492,Kyle,MacLachlan,1959,NULL
nm0001493,Peter,MacNicol,1954,NULL
nm0001494,Ralph,Macchio,1961,NULL
nm0001495,Patrick,Macnee,1922,2015
nm0001496,Amy,Madigan,1950,NULL
nm0001497,Tobey,Maguire,1975,NULL
nm0001498,John,Mahoney,1940,NULL
nm0001499,Tina,Majorino,1985,NULL
nm0001500,Karl,Malden,1912,2009
nm0001501,Louis,Malle,1932,1995
nm0001502,Luis,Mandoki,\N,NULL
nm0001503,Dinah,Manoff,1956,NULL
nm0001504,Marilyn,Manson,1969,NULL
nm0001505,Joe,Mantegna,1947,NULL
nm0001506,Jane,March,1973,NULL
nm0001507,Cheech,Marin,1946,NULL
nm0001508,Penny,Marshall,1943,NULL
nm0001509,Dean,Martin,1917,1995
nm0001510,Strother,Martin,1919,1980
nm0001511,Lee,Marvin,1924,1987
nm0001512,Mary,Elizabeth,1958,NULL
nm0001513,Tim,Matheson,1947,NULL
nm0001514,Victor,Mature,1913,1999
nm0001515,Joseph,Mazzello,1983,NULL
nm0001516,Rue,McClanahan,1934,2010
nm0001517,Catherine,McCormack,1972,NULL
nm0001518,Dylan,McDermott,1961,NULL
nm0001519,Ian,McDiarmid,1944,NULL
nm0001520,Christopher,McDonald,1955,NULL
nm0001521,Mary,McDonnell,1952,NULL
nm0001522,Roddy,McDowall,1928,1998
nm0001523,Natascha,McElhone,1969,NULL
nm0001524,Paul,McGann,1959,NULL
nm0001525,John,C.McGinley,1959,NULL
nm0001526,Patrick,McGoohan,1928,2009
nm0001527,Elizabeth,McGovern,1961,NULL
nm0001528,Don,McKellar,1963,NULL
nm0001529,Nancy,McKeon,1966,NULL
nm0001530,William,McNamara,1965,NULL
nm0001531,Kristy,McNichol,1962,NULL
nm0001532,John,McTiernan,1951,NULL
nm0001533,Meat,Loaf,1947,NULL
nm0001534,Michelle,Meyrink,1962,NULL
nm0001535,Dale,Midkiff,1959,NULL
nm0001536,Toshirí´,Mifune,1920,1997
nm0001537,Ray,Milland,1907,1986
nm0001538,Jonny,Lee,1972,NULL
nm0001539,Hayley,Mills,1946,NULL
nm0001540,Rachel,Miner,1980,NULL
nm0001541,Kylie,Minogue,1968,NULL
nm0001542,Jay,Mohr,1970,NULL
nm0001543,Gretchen,Mol,1972,NULL
nm0001544,Ricardo,Montalban,1920,2009
nm0001545,Dudley,Moore,1935,2002
nm0001546,Mary,Tyler,1936,2017
nm0001547,Agnes,Moorehead,1900,1974
nm0001548,Rick,Moranis,1953,NULL
nm0001549,Rita,Moreno,1931,NULL
nm0001550,Cathy,Moriarty,1960,NULL
nm0001551,Alanis,Morissette,1974,NULL
nm0001553,Ennio,Morricone,1928,NULL
nm0001554,Errol,Morris,1948,NULL
nm0001555,Rob,Morrow,1962,NULL
nm0001556,David,Morse,1953,NULL
nm0001557,Viggo,Mortensen,1958,NULL
nm0001558,Mr.T,,1952,NULL
nm0001559,Audie,Murphy,1924,1971
nm0001560,Ornella,Muti,1955,NULL
nm0001561,Jim,Nabors,1930,NULL
nm0001562,Kathy,Najimy,1957,NULL
nm0001563,Kitten,Natividad,1948,NULL
nm0001564,Bebe,Neuwirth,1958,NULL
nm0001565,Mike,Newell,1942,NULL
nm0001566,Mike,Nichols,1931,2014
nm0001567,Connie,Nielsen,1965,NULL
nm0001568,Lisa,Niemi,1956,NULL
nm0001569,Chuck,Norris,1940,NULL
nm0001570,Edward,Norton,1969,NULL
nm0001571,Kim,Novak,1933,NULL
nm0001572,Danny,Nucci,1968,NULL
nm0001573,Catherine,O'Hara,1954,NULL
nm0001574,Michael,O'Keefe,1955,NULL
nm0001575,Tatum,O'Neal,1963,NULL
nm0001576,Heather,O'Rourke,1975,1988
nm0001577,Maureen,O'Sullivan,1911,1998
nm0001578,Annette,O'Toole,1952,NULL
nm0001579,Edward,James,1947,NULL
nm0001580,Ashley,Olsen,1986,NULL
nm0001581,Mary-Kate,Olsen,1986,NULL
nm0001582,Susan,Olsen,1961,NULL
nm0001583,Jerry,Orbach,1935,2004
nm0001584,Miranda,Otto,1967,NULL
nm0001585,Kelly,Packard,1975,NULL
nm0001586,Joanna,Pacula,1957,NULL
nm0001587,Alan,J.Pakula,1928,1998
nm0001588,Jack,Palance,1919,2006
nm0001589,Michael,Palin,1943,NULL
nm0001590,Chazz,Palminteri,1952,NULL
nm0001591,Bruce,Paltrow,1943,2002
nm0001592,Joe,Pantoliano,1951,NULL
nm0001593,Anna,Paquin,1982,NULL
nm0001594,Anne,Parillaud,1960,NULL
nm0001595,Michael,Paré,1958,NULL
nm0001596,Pier,Paolo,1922,1975
nm0001597,Mandy,Patinkin,1952,NULL
nm0001598,Robert,Patrick,1958,NULL
nm0001599,Will,Patton,1954,NULL
nm0001600,Adrian,Paul,1959,NULL
nm0001601,David,Paymer,1954,NULL
nm0001602,Guy,Pearce,1967,NULL
nm0001603,Sam,Peckinpah,1925,1984
nm0001604,Nia,Peeples,1961,NULL
nm0001605,Amanda,Peet,1972,NULL
nm0001606,Chris,Penn,1965,2006
nm0001607,Sydney,Penny,1971,NULL
nm0001608,Barry,Pepper,1970,NULL
nm0001609,Rosie,Perez,1964,NULL
nm0001610,Elizabeth,Perkins,1960,NULL
nm0001611,Max,Perlich,1968,NULL
nm0001612,Matthew,Perry,1969,NULL
nm0001613,Bernadette,Peters,1948,NULL
nm0001614,Lori,Petty,1963,NULL
nm0001615,Elizabeth,Peí±a,1959,2014
nm0001616,Mekhi,Phifer,1974,NULL
nm0001617,Lou,Diamond,1962,NULL
nm0001618,Joaquin,Phoenix,1974,NULL
nm0001619,Summer,Phoenix,1978,NULL
nm0001620,Slim,Pickens,1919,1983
nm0001621,Bronson,Pinchot,1959,NULL
nm0001622,Danny,Pintauro,1976,NULL
nm0001623,Maria,Pitillo,1966,NULL
nm0001624,Oliver,Platt,1960,NULL
nm0001625,Amanda,Plummer,1957,NULL
nm0001626,Christopher,Plummer,1929,NULL
nm0001627,Sidney,Poitier,1927,NULL
nm0001628,Sydney,Pollack,1934,2008
nm0001629,Kevin,Pollak,1957,NULL
nm0001630,Tracy,Pollan,1960,NULL
nm0001631,Sarah,Polley,1979,NULL
nm0001632,Teri,Polo,1969,NULL
nm0001633,Annie,Potts,1952,NULL
nm0001634,CCH,Pounder,1952,NULL
nm0001635,William,Powell,1892,1984
nm0001636,Priscilla,Presley,1945,NULL
nm0001637,Vincent,Price,1911,1993
nm0001638,Jürgen,Prochnow,1941,NULL
nm0001639,Alex,Proyas,1963,NULL
nm0001640,Richard,Pryor,1940,2005
nm0001641,Vincent,Perez,1964,NULL
nm0001642,Randy,Quaid,1950,NULL
nm0001643,Linnea,Quigley,1958,NULL
nm0001644,Aidan,Quinn,1959,NULL
nm0001645,Serge,Ladouceur,1952,NULL
nm0001646,Ted,Raimi,1965,NULL
nm0001647,ClaudeRains,,1889,1967
nm0001648,Charlotte,Rampling,1946,NULL
nm0001649,Anne,Ramsey,1929,1988
nm0001650,Michael,Rapaport,1970,NULL
nm0001651,Basil,Rathbone,1892,1967
nm0001652,John,Ratzenberger,1947,NULL
nm0001653,Stephen,Rea,1946,NULL
nm0001654,Ronald,Reagan,1911,2004
nm0001655,Lynn,Redgrave,1943,2010
nm0001656,Donna,Reed,1921,1986
nm0001657,Oliver,Reed,1938,1999
nm0001658,Robert,Reed,1932,1992
nm0001659,Christopher,Reeve,1952,2004
nm0001660,George,Reeves,1914,1959
nm0001661,Rob,Reiner,1947,NULL
nm0001662,Judge,Reinhold,1957,NULL
nm0001663,Paul,Reiser,1957,NULL
nm0001664,James,Remar,1953,NULL
nm0001665,Lee,Remick,1935,1991
nm0001666,Debbie,Reynolds,1932,2016
nm0001667,Jonathan,Rhys,1977,NULL
nm0001668,Kim,Richards,1964,NULL
nm0001669,Miranda,Richardson,1958,NULL
nm0001670,Natasha,Richardson,1963,2009
nm0001671,Diana,Rigg,1938,NULL
nm0001672,Joan,Rivers,1933,2014
nm0001673,Jason,Robards,1922,2000
nm0001674,Chris,Rock,1965,NULL
nm0001675,Robert,Rodriguez,1968,NULL
nm0001676,Nicolas,Roeg,1928,NULL
nm0001677,Ginger,Rogers,1911,1995
nm0001678,Roy,Rogers,1911,1998
nm0001679,Mark,Rolston,1956,NULL
nm0001680,Robert,Romanus,1956,NULL
nm0001681,George,A.Romero,1940,2017
nm0001682,Mickey,Rooney,1920,2014
nm0001683,Roseanne,Barr,1952,NULL
nm0001684,Katharine,Ross,1940,NULL
nm0001685,Rick,Rossovich,1957,NULL
nm0001686,Cynthia,Rothrock,1957,NULL
nm0001687,Gena,Rowlands,1930,NULL
nm0001688,Alan,Ruck,1956,NULL
nm0001689,Mercedes,Ruehl,1948,NULL
nm0001690,Jennifer,Runyon,1960,NULL
nm0001691,Geoffrey,Rush,1951,NULL
nm0001692,Ken,Russell,1927,2011
nm0001693,Eva,Marie,1924,NULL
nm0001694,Meredith,Salenger,1970,NULL
nm0001695,George,Sanders,1906,1972
nm0001696,Julian,Sands,1958,NULL
nm0001697,Chris,Sarandon,1942,NULL
nm0001698,John,Savage,1949,NULL
nm0001699,Telly,Savalas,1922,1994
nm0001700,Nancy,Savoca,1959,NULL
nm0001701,Devon,Sawa,1978,NULL
nm0001702,Roy,Scheider,1932,2008
nm0001703,Maximilian,Schell,1930,2014
nm0001704,Vincent,Schiavelli,1948,2005
nm0001705,Rob,Schneider,1963,NULL
nm0001706,Michael,Schoeffling,1960,NULL
nm0001707,Paul,Schrader,1946,NULL
nm0001708,Joel,Schumacher,1939,NULL
nm0001709,Til,Schweiger,1963,NULL
nm0001710,David,Schwimmer,1966,NULL
nm0001711,Annabella,Sciorra,1960,NULL
nm0001712,Tracy,Scoggins,1953,NULL
nm0001713,Izabella,Scorupco,1970,NULL
nm0001714,Campbell,Scott,1961,NULL
nm0001715,George,C.Scott,1927,1999
nm0001716,Tony,Scott,1944,2012
nm0001717,Kyle,Secor,1957,NULL
nm0001718,Kyra,Sedgwick,1965,NULL
nm0001719,George,Segal,1934,NULL
nm0001720,Ivan,Sergei,1971,NULL
nm0001721,Chloí«,Sevigny,1974,NULL
nm0001722,Rufus,Sewell,1967,NULL
nm0001723,Tom,Shadyac,1958,NULL
nm0001724,Tony,Shalhoub,1953,NULL
nm0001725,Omar,Sharif,1932,2015
nm0001726,Helen,Shaver,1951,NULL
nm0001727,Robert,Shaw,1927,1978
nm0001728,Wallace,Shawn,1943,NULL
nm0001729,Craig,Sheffer,1960,NULL
nm0001730,Deborah,Shelton,1948,NULL
nm0001731,Sam,Shepard,1943,2017
nm0001732,Cybill,Shepherd,1950,NULL
nm0001733,Nicollette,Sheridan,1963,NULL
nm0001734,Armin,Shimerman,1949,NULL
nm0001735,Talia,Shire,1946,NULL
nm0001736,Pauly,Shore,1968,NULL
nm0001737,Martin,Short,1950,NULL
nm0001738,Jonathan,Silverman,1966,NULL
nm0001739,Jean,Simmons,1929,2010
nm0001740,O.J.Simpson,,1947,NULL
nm0001741,Bryan,Singer,1965,NULL
nm0001742,Lori,Singer,1957,NULL
nm0001743,Marc,Singer,1948,NULL
nm0001744,Tom,Sizemore,1961,NULL
nm0001745,Stellan,Skarsgí¥rd,1951,NULL
nm0001746,Ione,Skye,1970,NULL
nm0001747,Charles,Martin,1953,NULL
nm0001748,Kurtwood,Smith,1943,NULL
nm0001749,Maggie,Smith,1934,NULL
nm0001750,Madolyn,Smith,1957,NULL
nm0001751,Jimmy,Smits,1955,NULL
nm0001752,Steven,Soderbergh,1963,NULL
nm0001753,P.J.Soles,,1950,NULL
nm0001754,Todd,Solondz,1959,NULL
nm0001755,Suzanne,Somers,1946,NULL
nm0001756,Barry,Sonnenfeld,1953,NULL
nm0001757,Kevin,Sorbo,1958,NULL
nm0001758,Timothy,Spall,1957,NULL
nm0001759,Vincent,Spano,1962,NULL
nm0001760,Tori,Spelling,1973,NULL
nm0001761,Jerry,Springer,1944,NULL
nm0001762,Jill,St.John,1940,NULL
nm0001763,Nick,Stahl,1979,NULL
nm0001764,John,Stamos,1963,NULL
nm0001765,Harry,Dean,1926,NULL
nm0001766,Barbara,Stanwyck,1907,1990
nm0001767,Imelda,Staunton,1956,NULL
nm0001768,Rod,Steiger,1925,2002
nm0001769,Howard,Stern,1954,NULL
nm0001770,Fisher,Stevens,1963,NULL
nm0001771,Stella,Stevens,1936,NULL
nm0001772,Patrick,Stewart,1940,NULL
nm0001773,David,Ogden,1942,NULL
nm0001774,Ben,Stiller,1965,NULL
nm0001775,Whit,Stillman,1952,NULL
nm0001776,Sting,,1951,NULL
nm0001777,Dean,Stockwell,1936,NULL
nm0001778,Matt,Stone,1971,NULL
nm0001779,Tom,Stoppard,1937,NULL
nm0001780,Peter,Stormare,1953,NULL
nm0001781,Julie,Strain,1962,NULL
nm0001782,Susan,Strasberg,1938,1999
nm0001783,Sally,Struthers,1947,NULL
nm0001784,Gloria,Stuart,1910,2010
nm0001785,Kristy,Swanson,1969,NULL
nm0001786,George,Takei,1937,NULL
nm0001787,Jeffrey,Tambor,1944,NULL
nm0001788,Jessica,Tandy,1909,1994
nm0001789,Andrei,Tarkovsky,1932,1986
nm0001790,Sharon,Tate,1943,1969
nm0001791,Robert,Taylor,1911,1969
nm0001792,Rod,Taylor,1930,2015
nm0001793,Heather,Thomas,1957,NULL
nm0001794,Henry,Thomas,1971,NULL
nm0001795,Jonathan,Taylor,1981,NULL
nm0001796,Richard,Thomas,1951,NULL
nm0001797,Rachel,Ticotin,1958,NULL
nm0001798,Kevin,Tighe,1944,NULL
nm0001799,John,Toll,1952,NULL
nm0001800,Rip,Torn,1931,NULL
nm0001801,Robert,Towne,1934,NULL
nm0001802,Nancy,Travis,1961,NULL
nm0001803,Danny,Trejo,1944,NULL
nm0001804,Stanley,Tucci,1960,NULL
nm0001805,Lana,Turner,1921,1995
nm0001806,John,Turturro,1957,NULL
nm0001807,Cicely,Tyson,1924,NULL
nm0001808,Tracey,Ullman,1959,NULL
nm0001809,Jay,Underwood,1968,NULL
nm0001810,Robert,Urich,1946,2002
nm0001811,Peter,Ustinov,1921,2004
nm0001812,Lee,Van,1925,1989
nm0001813,Dick,Van,1925,NULL
nm0001814,Gus,Van,1952,NULL
nm0001815,Jim,Varney,1949,2000
nm0001816,Robert,Vaughn,1932,2016
nm0001817,Reginald,VelJohnson,1952,NULL
nm0001818,Jesse,Ventura,1951,NULL
nm0001819,Petra,Verkaik,1966,NULL
nm0001820,Abe,Vigoda,1921,2016
nm0001821,Jan-Michael,Vincent,1944,NULL
nm0001822,Robert,Wagner,1930,NULL
nm0001823,Tom,Waits,1949,NULL
nm0001824,Ally,Walker,1961,NULL
nm0001825,Andrew,Kevin,1964,NULL
nm0001826,M.Emmet,Walsh,1935,NULL
nm0001827,Ray,Walston,1914,2001
nm0001828,Melora,Walters,1960,NULL
nm0001829,Rachel,Ward,1957,NULL
nm0001830,Sophie,Ward,1964,NULL
nm0001831,David,Warner,1941,NULL
nm0001832,Sam,Waterston,1940,NULL
nm0001833,Emily,Watson,1967,NULL
nm0001834,Damon,Wayans,1960,NULL
nm0001835,Carl,Weathers,1948,NULL
nm0001836,Steven,Weber,1961,NULL
nm0001837,Peter,Weir,1944,NULL
nm0001838,Rachel,Weisz,1970,NULL
nm0001839,Tuesday,Weld,1943,NULL
nm0001840,Ming-Na,Wen,1963,NULL
nm0001841,George,Wendt,1948,NULL
nm0001842,Adam,West,1928,2017
nm0001843,James,Whale,1889,1957
nm0001844,Frank,Whaley,1963,NULL
nm0001845,Forest,Whitaker,1961,NULL
nm0001846,Vanna,White,1957,NULL
nm0001847,Richard,Widmark,1914,2008
nm0001848,Dianne,Wiest,1948,NULL
nm0001849,Kathleen,Wilhoite,1964,NULL
nm0001850,Billy,Dee,1937,NULL
nm0001851,JoBeth,Williams,1948,NULL
nm0001852,Treat,Williams,1951,NULL
nm0001853,Vanessa,Williams,1963,NULL
nm0001854,Rita,Wilson,1956,NULL
nm0001855,Thomas,F.Wilson,1959,NULL
nm0001856,Oprah,Winfrey,1954,NULL
nm0001857,Henry,Winkler,1945,NULL
nm0001858,Mare,Winningham,1959,NULL
nm0001859,Shelley,Winters,1920,2006
nm0001860,Alicia,Witt,1975,NULL
nm0001861,Katarina,Witt,1965,NULL
nm0001862,Mary,Woronov,1943,NULL
nm0001863,Kari,Wuhrer,1967,NULL
nm0001864,Noah,Wyle,1971,NULL
nm0001865,Amy,Yasbeck,1962,NULL
nm0001866,Bolo,Yeung,1946,NULL
nm0001867,Amy,Yip,1965,NULL
nm0001868,Michael,York,1942,NULL
nm0001869,Tina,Yothers,1973,NULL
nm0001870,Robert,Young,1907,1998
nm0001871,Pia,Zadora,1954,NULL
nm0001872,Steve,Zahn,1967,NULL
nm0001873,Steven,Zaillian,1953,NULL
nm0001874,Franco,Zeffirelli,1923,NULL
nm0001875,Anthony,Zerbe,1936,NULL
nm0001876,Catherine,Zeta-Jones,1969,NULL
nm0001877,Hans,Zimmer,1957,NULL
nm0001878,David,Zucker,1947,NULL
nm0001879,Daphne,Zuniga,1962,NULL
nm0001880,Edward,Zwick,1952,NULL
nm0001881,Maryam,d'Abo,1960,NULL
nm0001882,Olivia,d'Abo,1969,NULL
nm0001883,Jenna,von,1977,NULL
nm0001884,Max,von,1929,NULL
nm0001885,Lars,von,1956,NULL
nm0001886,Howard,Ross,1941,NULL
nm0001887,Paul,Brickman,1949,NULL
nm0001888,Robert,Douglas,1909,1999
nm0001889,Charles,Hawtrey,1914,1988
nm0001890,Hugh,Herbert,1884,1952
nm0001891,Anthony,Higgins,1947,NULL
nm0001892,Steve,Rice,\N,NULL
nm0001893,John,Archer,1915,1999
nm0001894,Danny,Dayton,1923,1999
nm0001895,Glenn,Miller,1904,1944
nm0001896,John,W.Brown,1882,1949
nm0001897,John,M.Davis,\N,NULL
nm0001898,Bryan,Adams,1959,NULL
nm0001899,Remi,Adefarasin,\N,NULL
nm0001900,Danny,Aiello,1957,2010
nm0001901,Chantal,Akerman,1950,2015
nm0001902,Edward,Albert,1951,2006
nm0001903,Norma,Aleandro,1936,NULL
nm0001904,Corey,Allen,1934,2010
nm0001905,Yves,Allégret,1905,1987
nm0001906,Kirk,Alyn,1910,1999
nm0001907,Eric,Ambler,1909,1998
nm0001908,Gilbert,M.'Broncho,1880,1971
nm0001909,Bjí¶rn,Andrésen,1955,NULL
nm0001910,Kenneth,Anger,1927,NULL
nm0001911,Philip,Anglim,1952,NULL
nm0001912,Paul,Anka,1941,NULL
nm0001913,Little,Oral,1960,NULL
nm0001914,Adam,Ant,1954,NULL
nm0001915,Emile,Ardolino,1943,1993
nm0001916,Arletty,,1898,1992
nm0001917,Pedro,Armendí¡riz,1940,2011
nm0001918,Louis,Armstrong,1901,1971
nm0001919,Peggy,Ashcroft,1907,1991
nm0001920,Isaac,Asimov,1920,1992
nm0001921,Paul,Attanasio,1959,NULL
nm0001922,Jean-Pierre,Aumont,1911,2001
nm0001923,Margaret,Avery,1944,NULL
nm0001924,Hoyt,Axton,1938,1999
nm0001925,Johann,Sebastian,1685,1750
nm0001926,Joan,Baez,1941,NULL
nm0001927,Josephine,Baker,1906,1975
nm0001928,Roy,Ward,1916,2010
nm0001929,Josiane,Balasko,1950,NULL
nm0001930,Russell,Banks,1940,NULL
nm0001931,Binnie,Barnes,1903,1998
nm0001932,Richard,Barthelmess,1895,1963
nm0001933,Geoffrey,Bayldon,1924,2017
nm0001934,Kabir,Bedi,1946,NULL
nm0001935,Noah,Beery,1882,1946
nm0001936,Roxanne,Blaze,1974,NULL
nm0001937,Marco,Beltrami,1966,NULL
nm0001938,Richard,Belzer,1944,NULL
nm0001939,Maurice,Benard,1963,NULL
nm0001940,Peter,Benchley,1940,2006
nm0001941,Iris,Berben,1950,NULL
nm0001942,Luca,Bercovici,1957,NULL
nm0001943,Marisa,Berenson,1947,NULL
nm0001944,Edgar,Bergen,1903,1978
nm0001945,ClaudeBerri,,1934,2009
nm0001946,Chuck,Berry,1926,2017
nm0001947,Turhan,Bey,1922,2012
nm0001948,Charles,Bickford,1891,1967
nm0001949,Andrew,Birkin,1945,NULL
nm0001950,Steve,Bisley,1951,NULL
nm0001951,Bjí¶rk,,1965,NULL
nm0001952,Rubén,Blades,1948,NULL
nm0001953,Moritz,Bleibtreu,1971,NULL
nm0001954,Claire,Bloom,1931,NULL
nm0001955,Ann,Blyth,1928,NULL
nm0001956,John,Wayne,1967,NULL
nm0001957,Lloyd,Bochner,1924,2005
nm0001958,Dirk,Bogarde,1921,1999
nm0001959,Corinne,Bohrer,1958,NULL
nm0001960,Romane,Bohringer,1973,NULL
nm0001961,Ray,Bolger,1904,1987
nm0001962,Lizzie,Borden,1958,NULL
nm0001963,Jesse,Borrego,1962,NULL
nm0001964,Rob,Bottin,1959,NULL
nm0001965,ílodie,Bouchez,1973,NULL
nm0001966,Clara,Bow,1905,1965
nm0001967,Peter,Boyle,1935,2006
nm0001968,Elizabeth,Bracco,1957,NULL
nm0001969,Ray,Bradbury,1920,2012
nm0001970,Klaus,Maria,1943,NULL
nm0001971,Ewen,Bremner,1972,NULL
nm0001972,Richard,Briers,1934,2013
nm0001973,Christie,Brinkley,1954,NULL
nm0001974,Blair,Brown,1946,NULL
nm0001975,Roscoe,Lee,1922,2007
nm0001976,Horst,Buchholz,1933,2003
nm0001977,Charles,Bukowski,1920,1994
nm0001978,Emma,Bunton,1976,NULL
nm0001979,Tom,Burlinson,1956,NULL
nm0001980,Carter,Burwell,1955,NULL
nm0001981,Spring,Byington,1886,1971
nm0001982,Sebastian,Cabot,1918,1977
nm0001983,Rory,Calhoun,1922,1999
nm0001984,Naomi,Campbell,1970,NULL
nm0001985,Christy,Canyon,1966,NULL
nm0001986,Truman,Capote,1924,1984
nm0001987,Tantoo,Cardinal,1950,NULL
nm0001988,Marc,Caro,1956,NULL
nm0001989,Leslie,Caron,1931,NULL
nm0001990,Elpidia,Carrillo,1961,NULL
nm0001991,Leo,G.Carroll,1886,1972
nm0001992,Johnny,Carson,1925,2005
nm0001993,Vincent,Cassel,1966,NULL
nm0001994,Michael,Caton-Jones,1957,NULL
nm0001995,George,Chakiris,1934,NULL
nm0001996,Jeff,Chandler,1918,1961
nm0001997,Patricia,Charbonneau,1959,NULL
nm0001998,Cyd,Charisse,1922,2008
nm0001999,Maury,Chaykin,1949,2010
nm0002000,Leslie,Cheung,1956,2003
nm0002001,Maurice,Chevalier,1888,1972
nm0002002,Shin'ichi,Chiba,1939,NULL
